TradeID,Portfolio,Trader,Symbol,Quantity,Price,Side
1,Income,Jason,TSLA,500,349.87,BUY
2,Growth,Michael,GS,100,244.85,BUY
3,Income,Timothy,AAPL,200,145.64,SELL
4,Growth,Caroline,JPM,100,186.19,BUY
5,Income,Lauren,AMZN,200,86.76,BUY
6,Growth,Kayla,NVDA,100,73.96,BUY
7,ETF,Heather,MSFT,500,116.3,SELL
8,ETF,Nicholas,NVDA,200,482.23,SELL
9,Income,Lauren,AAPL,100,81.41,SELL
10,Growth,Jonathan,AMZN,100,246.9,BUY
11,Income,Julie,AMZN,500,341.15,SELL
12,Growth,Jamie,AMZN,200,156.33,BUY
13,Income,George,AAPL,500,467.35,BUY
14,Income,Maureen,NVDA,100,189.04,SELL
15,ETF,Brenda,MSFT,500,77.39,SELL
16,Income,Kyle,AAPL,100,352.9,BUY
17,ETF,Lisa,AMZN,500,201.05,BUY
18,Income,Brittany,MSFT,100,206.02,SELL
19,ETF,Frederick,MSFT,100,164.79,BUY
20,ETF,Stephanie,MSFT,200,475.48,SELL
21,Growth,Paul,MSFT,100,305.27,BUY
22,Income,Daniel,JPM,100,221.57,BUY
23,Income,Lisa,MSFT,200,418.09,SELL
24,Income,John,AAPL,100,290.45,SELL
25,ETF,Daniel,MSFT,200,276.6,BUY
26,ETF,Donald,AAPL,200,112.95,BUY
27,Growth,Russell,MSFT,200,260.15,BUY
28,Growth,Tanya,GS,200,226.29,BUY
29,ETF,Joseph,JPM,100,475.05,SELL
30,ETF,Ashley,AMZN,100,338.42,BUY
31,Income,Jessica,TSLA,500,119.8,SELL
32,ETF,Lauren,AMZN,200,455.93,BUY
33,ETF,Tonya,GS,500,249.55,BUY
34,Growth,Dakota,NVDA,100,256.21,BUY
35,Growth,Cynthia,MSFT,200,204.96,SELL
36,ETF,Karen,MSFT,200,75.3,BUY
37,Growth,Kristy,MSFT,100,467.72,BUY
38,Growth,Stephanie,AMZN,500,72.1,SELL
39,Income,Alex,GS,500,345.68,BUY
40,Income,Jeanette,AMZN,500,165.77,BUY
41,Income,Marissa,GS,500,406.85,SELL
42,Growth,Kurt,AMZN,500,438.83,BUY
43,Income,Blake,TSLA,200,383.91,SELL
44,Income,Benjamin,TSLA,100,451.9,BUY
45,ETF,Derek,MSFT,500,368.26,BUY
46,Growth,Rebecca,MSFT,100,162.32,SELL
47,ETF,Wendy,NVDA,500,260.99,BUY
48,Growth,Alexandra,TSLA,500,427.37,SELL
49,ETF,Cheryl,AMZN,500,468.16,SELL
50,Income,Erik,AMZN,200,155.45,SELL
51,ETF,Valerie,AAPL,500,480.22,BUY
52,Growth,Michelle,TSLA,500,199.45,SELL
53,Income,Tom,MSFT,100,348.09,SELL
54,Growth,David,TSLA,100,285.83,BUY
55,ETF,Jocelyn,AMZN,100,344.47,BUY
56,ETF,Rodney,JPM,500,231.74,BUY
57,Growth,Susan,JPM,100,207.42,SELL
58,ETF,Herbert,MSFT,100,57.9,BUY
59,Growth,Douglas,NVDA,100,299.0,BUY
60,ETF,Emily,NVDA,100,212.9,BUY
61,Income,Sara,MSFT,500,336.52,SELL
62,ETF,Raymond,AAPL,500,156.78,SELL
63,Income,Julie,AMZN,200,239.55,BUY
64,Growth,April,GS,500,88.15,SELL
65,Income,Richard,NVDA,500,65.95,SELL
66,Growth,Austin,GS,100,252.9,SELL
67,Income,Kendra,JPM,100,75.36,SELL
68,Income,Kimberly,MSFT,200,112.26,SELL
69,Growth,Rhonda,TSLA,100,378.07,SELL
70,Growth,Alexis,TSLA,200,226.24,SELL
71,ETF,Sarah,GS,200,77.67,SELL
72,ETF,David,TSLA,100,439.0,SELL
73,Income,Matthew,MSFT,500,68.8,BUY
74,Growth,William,AMZN,100,53.18,BUY
75,ETF,Ronald,AAPL,200,218.04,SELL
76,ETF,Amy,JPM,100,62.46,SELL
77,ETF,Patricia,MSFT,200,418.62,SELL
78,Growth,Thomas,MSFT,500,229.95,SELL
79,Income,Rebecca,NVDA,500,263.64,SELL
80,Income,Connie,AAPL,500,70.41,BUY
81,Growth,Patrick,JPM,200,403.53,SELL
82,Income,Patrick,NVDA,200,338.97,BUY
83,Income,Jeremy,TSLA,200,425.27,SELL
84,ETF,Benjamin,TSLA,500,366.69,BUY
85,ETF,Joe,NVDA,200,189.96,BUY
86,Income,Angela,AAPL,500,179.15,BUY
87,Income,John,JPM,100,259.06,BUY
88,Income,Jerry,AAPL,200,200.71,BUY
89,Income,Holly,TSLA,500,432.77,BUY
90,ETF,Kimberly,MSFT,500,182.72,SELL
91,Growth,Teresa,GS,500,204.69,BUY
92,ETF,Emma,AMZN,200,424.12,BUY
93,ETF,Melissa,AAPL,200,105.67,SELL
94,ETF,Matthew,NVDA,100,276.34,SELL
95,Growth,Charlene,GS,500,69.48,SELL
96,Growth,Andrew,AAPL,100,405.44,BUY
97,Growth,Theresa,NVDA,200,485.86,BUY
98,Income,Holly,NVDA,100,101.69,SELL
99,Income,Elizabeth,AMZN,500,97.86,BUY
100,Income,Joseph,AMZN,100,137.59,BUY
101,Growth,Wendy,GS,100,396.69,BUY
102,ETF,Peter,NVDA,200,432.34,SELL
103,Growth,James,NVDA,500,413.58,SELL
104,Growth,Nicholas,TSLA,500,325.82,BUY
105,Growth,Kyle,AAPL,500,253.17,SELL
106,ETF,Jessica,TSLA,200,371.29,BUY
107,Growth,Mary,AMZN,200,145.4,BUY
108,Growth,Gabriela,AAPL,100,251.06,BUY
109,ETF,Rebecca,AAPL,500,336.55,SELL
110,Income,David,AMZN,500,96.18,SELL
111,ETF,Jason,TSLA,100,455.43,SELL
112,Income,Nicholas,AAPL,200,180.03,SELL
113,Growth,Catherine,GS,200,337.26,SELL
114,Growth,Joe,GS,200,155.82,BUY
115,Growth,Carol,MSFT,500,496.67,SELL
116,ETF,Matthew,JPM,100,167.85,SELL
117,Growth,Margaret,TSLA,200,240.91,BUY
118,ETF,Julie,GS,200,498.81,BUY
119,Income,James,JPM,100,366.12,SELL
120,Income,Kelly,TSLA,500,370.54,SELL
121,Growth,Julie,NVDA,100,260.21,BUY
122,Growth,Steven,GS,100,220.67,SELL
123,Income,Ronald,JPM,500,364.51,SELL
124,Income,Justin,AMZN,500,51.25,BUY
125,ETF,Amber,NVDA,200,125.64,BUY
126,Income,Michael,TSLA,100,241.25,BUY
127,Growth,April,AMZN,200,414.72,BUY
128,Growth,Kimberly,TSLA,100,160.4,SELL
129,Growth,Jay,AAPL,200,198.92,SELL
130,ETF,David,NVDA,500,54.39,BUY
131,ETF,Eduardo,MSFT,500,471.92,BUY
132,Income,Angela,TSLA,100,377.13,BUY
133,Growth,Wanda,GS,200,374.91,SELL
134,Income,Michele,TSLA,500,247.12,SELL
135,ETF,Cheryl,AAPL,200,160.7,SELL
136,Growth,David,NVDA,100,120.24,BUY
137,ETF,Taylor,GS,100,308.8,SELL
138,Income,Heather,NVDA,500,382.63,SELL
139,Growth,Carrie,TSLA,100,171.42,BUY
140,ETF,Julie,AMZN,100,371.43,BUY
141,Growth,Robert,AMZN,200,83.6,BUY
142,Growth,Nancy,JPM,200,314.31,SELL
143,Growth,William,NVDA,500,327.85,SELL
144,Income,Robert,AMZN,200,415.23,BUY
145,Growth,Aaron,NVDA,500,482.58,BUY
146,Growth,Michael,AAPL,100,212.15,SELL
147,Growth,Alicia,TSLA,100,495.1,SELL
148,Growth,Ashley,TSLA,500,486.15,BUY
149,ETF,Paul,JPM,100,379.61,BUY
150,Growth,David,AAPL,500,418.02,SELL
151,ETF,James,MSFT,200,51.13,BUY
152,Income,Melissa,AAPL,200,390.65,SELL
153,Growth,Danielle,GS,100,159.1,SELL
154,Growth,Jesse,JPM,200,79.94,BUY
155,Growth,Nichole,JPM,500,309.65,SELL
156,ETF,David,NVDA,200,417.69,BUY
157,Income,Janet,JPM,100,449.09,SELL
158,ETF,Rose,JPM,100,163.66,SELL
159,Income,David,AAPL,200,342.02,BUY
160,ETF,Shawn,MSFT,200,186.91,BUY
161,Growth,Kelly,AAPL,500,281.55,SELL
162,Income,Jason,GS,200,231.08,BUY
163,Growth,Arthur,TSLA,200,236.57,SELL
164,Income,Alexander,MSFT,500,475.62,SELL
165,Growth,Rachel,MSFT,200,322.31,BUY
166,ETF,Lance,JPM,100,230.96,SELL
167,Growth,Trevor,TSLA,200,465.49,BUY
168,Growth,Nicholas,JPM,200,292.98,SELL
169,ETF,Christina,JPM,200,295.64,SELL
170,Growth,Scott,NVDA,200,430.43,BUY
171,ETF,Kendra,MSFT,200,80.03,SELL
172,Growth,Tony,JPM,200,312.62,BUY
173,ETF,Michele,GS,100,446.58,BUY
174,Income,James,MSFT,500,299.73,SELL
175,Income,Krista,GS,200,475.04,BUY
176,Growth,Vanessa,AMZN,100,442.99,SELL
177,Income,Samantha,GS,200,75.7,SELL
178,Income,Richard,AMZN,100,432.82,SELL
179,ETF,Jennifer,AMZN,100,249.18,SELL
180,Income,Autumn,MSFT,100,127.37,SELL
181,ETF,Laura,MSFT,500,459.14,BUY
182,ETF,Dwayne,GS,500,77.92,SELL
183,ETF,Shannon,NVDA,100,327.06,SELL
184,Growth,Ronald,GS,200,481.08,SELL
185,Growth,Keith,NVDA,100,296.4,SELL
186,ETF,Jose,NVDA,500,86.71,SELL
187,Growth,Maria,AAPL,500,486.61,SELL
188,Growth,Erika,MSFT,200,115.79,SELL
189,ETF,Joshua,AMZN,200,370.32,BUY
190,Income,John,GS,500,424.79,BUY
191,Income,Robert,AAPL,500,243.89,SELL
192,Growth,Michelle,JPM,100,279.41,BUY
193,Income,Roberto,AAPL,200,446.51,BUY
194,Income,Krystal,MSFT,100,309.56,BUY
195,Income,Hannah,AAPL,500,101.7,SELL
196,Income,Michaela,TSLA,500,66.21,SELL
197,ETF,Aaron,AMZN,200,439.3,SELL
198,ETF,Lisa,MSFT,200,340.91,BUY
199,Income,Eric,GS,100,471.28,SELL
200,Income,Timothy,AMZN,200,200.99,BUY
201,ETF,Jerome,NVDA,100,470.6,SELL
202,Income,Richard,NVDA,500,429.95,BUY
203,Growth,Sean,GS,500,96.57,BUY
204,Income,Maria,TSLA,200,233.3,BUY
205,Income,Denise,TSLA,100,70.5,SELL
206,Income,Omar,NVDA,500,71.65,SELL
207,ETF,Lisa,AAPL,200,239.88,BUY
208,ETF,Beth,AAPL,200,340.29,SELL
209,Income,Heather,JPM,200,420.87,SELL
210,Income,Glenn,TSLA,500,466.68,BUY
211,ETF,Lynn,TSLA,100,165.16,BUY
212,Growth,Anna,GS,200,494.66,BUY
213,ETF,Caitlin,JPM,100,75.54,SELL
214,ETF,Emma,MSFT,200,209.77,BUY
215,Income,Logan,GS,500,319.62,SELL
216,Growth,Christopher,NVDA,500,491.24,SELL
217,Income,Tim,GS,100,427.39,SELL
218,Growth,Tracey,AMZN,100,185.69,BUY
219,Income,Anthony,AMZN,200,101.71,BUY
220,Income,Scott,JPM,200,267.48,BUY
221,ETF,Kathleen,AMZN,100,488.26,BUY
222,Income,Matthew,AMZN,100,105.12,BUY
223,Income,Charles,AMZN,200,225.74,SELL
224,Income,Jesse,TSLA,200,68.17,SELL
225,Income,Sandy,GS,200,244.52,SELL
226,Income,Tamara,NVDA,500,283.2,SELL
227,Income,Brenda,TSLA,100,248.78,SELL
228,Income,Sara,JPM,200,268.3,BUY
229,ETF,Melanie,MSFT,200,427.8,SELL
230,Growth,George,GS,100,58.33,BUY
231,ETF,Lori,JPM,500,336.69,BUY
232,ETF,Julie,MSFT,100,154.72,SELL
233,Growth,Alex,MSFT,500,418.25,BUY
234,ETF,Marie,TSLA,200,470.8,BUY
235,Growth,Victoria,TSLA,500,216.95,BUY
236,ETF,Mike,AAPL,500,216.14,SELL
237,ETF,Ryan,NVDA,500,345.16,BUY
238,Income,Cody,MSFT,200,56.91,SELL
239,Growth,Jacob,TSLA,200,53.96,SELL
240,Growth,Kathryn,GS,500,443.97,SELL
241,Income,Joshua,GS,100,308.78,BUY
242,Growth,Kathryn,JPM,500,407.35,BUY
243,Income,Tanya,JPM,200,275.33,BUY
244,ETF,Sandra,JPM,500,82.21,BUY
245,Growth,Justin,TSLA,200,423.65,BUY
246,Growth,Ashley,JPM,200,239.29,BUY
247,Income,Daniel,AMZN,500,268.21,SELL
248,Growth,Scott,AMZN,200,148.84,SELL
249,ETF,Peter,NVDA,500,309.67,SELL
250,Growth,Christopher,GS,100,367.46,BUY
251,ETF,Jonathan,JPM,100,477.27,SELL
252,Growth,Ashley,TSLA,500,380.88,SELL
253,Growth,Thomas,MSFT,500,465.84,SELL
254,Growth,Janice,MSFT,100,225.79,SELL
255,Income,Robert,GS,500,65.22,SELL
256,Income,Rhonda,AMZN,100,330.62,SELL
257,Growth,Edward,JPM,200,213.45,BUY
258,Income,Christina,MSFT,100,279.68,SELL
259,Growth,Claudia,GS,200,407.51,SELL
260,ETF,Amy,NVDA,200,490.16,SELL
261,Income,Christopher,MSFT,500,202.0,BUY
262,Growth,James,MSFT,500,290.49,SELL
263,Income,Jesse,AMZN,200,478.46,BUY
264,Growth,Theresa,TSLA,100,158.35,SELL
265,ETF,Bryan,GS,500,52.18,BUY
266,Growth,Marcus,JPM,100,139.85,BUY
267,ETF,Julie,NVDA,200,317.3,SELL
268,Income,Steven,JPM,200,494.04,SELL
269,Income,Travis,NVDA,200,152.63,BUY
270,Growth,Joshua,JPM,200,176.99,SELL
271,Income,Christina,AAPL,500,403.68,SELL
272,Growth,Nicholas,AAPL,200,499.43,BUY
273,ETF,Michael,NVDA,500,204.72,BUY
274,Growth,Gerald,AAPL,200,472.9,SELL
275,Growth,Ronnie,NVDA,200,487.97,BUY
276,Growth,Luke,TSLA,100,363.75,BUY
277,Income,Richard,MSFT,500,177.88,SELL
278,Income,Jesse,AAPL,200,280.27,BUY
279,Growth,Michael,JPM,200,380.76,BUY
280,Growth,Clayton,NVDA,100,460.03,SELL
281,ETF,Jesus,TSLA,100,358.03,SELL
282,Income,William,AMZN,100,135.25,SELL
283,Income,Patricia,NVDA,100,261.03,SELL
284,Growth,Jeremy,JPM,100,365.38,SELL
285,Growth,Allison,TSLA,200,86.0,BUY
286,Growth,Rebecca,AAPL,100,476.8,BUY
287,ETF,Karen,TSLA,100,57.76,BUY
288,ETF,Christy,TSLA,100,108.71,SELL
289,Income,Stephanie,GS,100,208.94,SELL
290,ETF,Katrina,MSFT,100,417.33,BUY
291,ETF,Christopher,TSLA,100,315.74,SELL
292,Income,Ashley,TSLA,500,324.75,SELL
293,Growth,Grace,TSLA,500,413.25,BUY
294,ETF,Darrell,AAPL,200,291.29,BUY
295,Growth,Angela,NVDA,500,182.3,SELL
296,Growth,Christine,NVDA,500,169.98,SELL
297,ETF,Nicholas,NVDA,100,422.97,BUY
298,Income,Taylor,AMZN,100,160.74,BUY
299,Income,Laura,JPM,100,248.12,SELL
300,Growth,Jacob,AAPL,200,448.37,BUY
301,Growth,Samantha,MSFT,100,118.25,SELL
302,Income,Jack,AMZN,200,206.4,SELL
303,ETF,Maria,TSLA,200,499.67,SELL
304,Income,Joanna,AAPL,100,440.84,SELL
305,Income,George,JPM,200,454.72,SELL
306,ETF,Brian,AMZN,500,413.18,SELL
307,Growth,Robin,GS,100,108.32,SELL
308,Growth,William,NVDA,500,463.15,SELL
309,Growth,Rachel,AAPL,100,134.12,SELL
310,ETF,Jennifer,AMZN,100,452.83,SELL
311,Income,Susan,MSFT,200,439.69,SELL
312,ETF,Rebecca,AAPL,100,84.17,BUY
313,Growth,Julia,TSLA,500,52.59,BUY
314,ETF,Lisa,NVDA,200,474.67,SELL
315,Growth,Sherry,JPM,500,229.75,SELL
316,Growth,Andrea,AMZN,200,213.83,SELL
317,Income,Brett,GS,500,305.66,BUY
318,ETF,Julie,TSLA,200,219.85,SELL
319,Income,Lisa,AAPL,100,473.54,BUY
320,ETF,Dustin,GS,100,413.28,BUY
321,Growth,David,JPM,200,313.24,SELL
322,Growth,Michael,NVDA,100,290.53,SELL
323,ETF,Samuel,MSFT,500,279.83,BUY
324,Income,Eric,GS,500,239.18,BUY
325,Income,Heather,TSLA,500,224.87,SELL
326,Growth,Andrew,MSFT,100,167.19,SELL
327,ETF,Michael,GS,500,184.86,SELL
328,Income,Cheryl,AMZN,100,152.67,SELL
329,ETF,Patricia,NVDA,100,119.5,BUY
330,Growth,Joshua,GS,500,450.41,SELL
331,Growth,Christine,NVDA,200,291.06,SELL
332,Income,Margaret,GS,100,359.44,SELL
333,ETF,Richard,AAPL,100,285.47,BUY
334,ETF,Frank,GS,500,371.52,SELL
335,Income,Steven,NVDA,200,473.8,BUY
336,Income,Cheryl,MSFT,500,120.0,BUY
337,Growth,Alison,NVDA,200,284.0,BUY
338,Growth,Brenda,TSLA,100,222.65,BUY
339,Growth,Michael,NVDA,100,150.6,SELL
340,ETF,Evelyn,AAPL,100,168.72,SELL
341,Growth,Michelle,AAPL,200,80.44,BUY
342,Growth,Jacob,TSLA,100,360.35,SELL
343,Income,Alejandro,AAPL,500,475.66,BUY
344,Growth,Paul,AAPL,100,266.25,BUY
345,ETF,Laurie,NVDA,500,75.22,SELL
346,Income,Erica,NVDA,500,372.73,SELL
347,Income,Christopher,JPM,200,476.88,SELL
348,Income,Christopher,NVDA,500,391.04,SELL
349,Growth,Kathleen,GS,500,93.55,BUY
350,ETF,Deborah,AAPL,100,175.05,SELL
351,Growth,Linda,AMZN,500,499.85,SELL
352,Income,Heather,TSLA,100,126.25,BUY
353,ETF,Bruce,TSLA,500,487.89,SELL
354,Growth,James,NVDA,200,378.18,BUY
355,Income,Julie,GS,100,472.62,BUY
356,Growth,Sherry,AAPL,100,492.46,SELL
357,Growth,Nancy,MSFT,200,225.58,SELL
358,ETF,Desiree,AAPL,100,416.33,BUY
359,Growth,Michael,AAPL,500,263.12,BUY
360,Income,Bruce,GS,100,186.99,SELL
361,Income,Jason,TSLA,200,469.4,SELL
362,Growth,Elizabeth,AAPL,200,201.59,SELL
363,ETF,Robin,JPM,500,456.59,BUY
364,Income,Justin,GS,100,407.66,SELL
365,Growth,Victoria,GS,100,282.77,BUY
366,ETF,Andrew,TSLA,100,390.96,SELL
367,Growth,Andrew,GS,500,377.26,SELL
368,Income,Rachel,AMZN,200,170.17,BUY
369,ETF,Randall,MSFT,100,162.74,SELL
370,Growth,Morgan,AMZN,100,357.62,BUY
371,ETF,Bobby,JPM,100,404.54,SELL
372,Income,Tina,TSLA,100,272.12,SELL
373,Growth,Allison,GS,500,467.15,SELL
374,Income,Theresa,JPM,100,430.28,BUY
375,Growth,David,AAPL,200,270.52,BUY
376,Income,Frank,MSFT,100,94.73,SELL
377,Income,Tina,NVDA,200,133.03,BUY
378,Income,Michael,GS,100,222.86,BUY
379,ETF,Justin,AAPL,500,400.02,SELL
380,ETF,Aaron,JPM,500,328.01,BUY
381,Income,David,NVDA,200,257.85,BUY
382,Growth,Jacqueline,TSLA,200,256.25,BUY
383,Income,Patricia,AAPL,100,163.36,SELL
384,Growth,Christopher,GS,200,100.38,SELL
385,Growth,Julia,AAPL,500,77.44,BUY
386,ETF,Janice,GS,100,386.49,SELL
387,Growth,Katie,AMZN,100,268.15,SELL
388,Growth,Michelle,AMZN,200,105.29,SELL
389,ETF,Jerry,AMZN,100,413.91,BUY
390,Growth,Gabriel,AAPL,500,208.59,SELL
391,ETF,Rebecca,AAPL,500,461.15,SELL
392,Income,Gabriella,GS,100,329.16,BUY
393,ETF,Karla,GS,200,359.47,SELL
394,ETF,Ruth,TSLA,500,60.6,BUY
395,Growth,Kylie,JPM,200,151.73,SELL
396,Growth,April,NVDA,500,155.44,SELL
397,Growth,Andrew,AAPL,500,404.73,BUY
398,Growth,Andrew,AMZN,200,426.22,SELL
399,Income,William,AMZN,500,420.5,BUY
400,Growth,William,AAPL,500,215.7,BUY
401,Income,Donald,TSLA,200,104.69,SELL
402,Growth,Michael,AMZN,200,261.47,SELL
403,ETF,Daniel,GS,500,98.11,BUY
404,ETF,Joseph,AMZN,500,185.66,SELL
405,Income,Heather,AAPL,100,379.95,BUY
406,Income,Sean,AAPL,500,150.22,SELL
407,Income,Sharon,AMZN,100,383.24,SELL
408,Income,Tara,TSLA,500,208.71,SELL
409,Growth,Nancy,GS,200,388.7,BUY
410,Income,Ashley,GS,200,213.8,SELL
411,Growth,Deanna,GS,500,195.95,SELL
412,ETF,William,AAPL,500,100.91,SELL
413,Income,Rachael,TSLA,100,299.35,SELL
414,Income,Brandon,MSFT,200,368.06,BUY
415,Income,Stuart,TSLA,100,405.32,BUY
416,ETF,Devin,MSFT,500,384.91,SELL
417,Income,Melissa,AMZN,500,283.96,BUY
418,ETF,Christopher,AAPL,100,171.3,BUY
419,ETF,Nicole,JPM,500,71.73,SELL
420,Income,Jennifer,NVDA,100,472.84,BUY
421,Growth,Jermaine,AAPL,500,390.31,SELL
422,ETF,Neil,GS,200,147.19,BUY
423,ETF,Sarah,AAPL,500,203.67,SELL
424,Income,Vicki,NVDA,100,453.29,BUY
425,Growth,Bill,AAPL,500,188.89,BUY
426,Growth,Nicole,MSFT,200,303.92,SELL
427,Income,Catherine,MSFT,200,334.09,SELL
428,ETF,Melissa,TSLA,200,95.62,SELL
429,ETF,Jennifer,AMZN,200,306.43,BUY
430,Growth,Kenneth,GS,500,346.39,BUY
431,Income,Henry,GS,100,134.22,SELL
432,Income,Jesse,AAPL,500,495.74,SELL
433,ETF,Shelby,NVDA,500,243.21,BUY
434,ETF,Laura,GS,200,125.19,SELL
435,ETF,Ryan,AAPL,200,141.22,BUY
436,ETF,Tyler,AAPL,500,324.52,BUY
437,ETF,Victor,TSLA,100,444.55,SELL
438,Income,Jeremy,JPM,100,172.69,BUY
439,Income,Joseph,AMZN,200,497.11,SELL
440,Growth,Thomas,GS,100,156.01,BUY
441,Income,Carly,GS,100,309.01,BUY
442,Growth,Matthew,GS,200,98.95,SELL
443,Growth,James,AAPL,200,279.71,BUY
444,Income,William,GS,500,120.8,BUY
445,Growth,Nathan,MSFT,200,282.87,SELL
446,Income,Justin,JPM,100,196.72,SELL
447,Income,Willie,JPM,200,464.49,SELL
448,Income,Sarah,JPM,200,486.75,SELL
449,ETF,Diamond,AMZN,500,318.2,SELL
450,Income,Christopher,GS,200,72.36,BUY
451,Growth,Carol,MSFT,200,455.9,SELL
452,Growth,Johnny,AAPL,100,289.41,SELL
453,Income,Joseph,MSFT,200,249.69,SELL
454,Growth,David,AAPL,100,224.47,BUY
455,Income,Matthew,AAPL,500,118.76,BUY
456,Growth,Melissa,AAPL,200,313.17,SELL
457,Income,Tina,MSFT,100,391.57,BUY
458,Growth,Julie,TSLA,200,439.51,BUY
459,Income,Anthony,MSFT,500,173.82,BUY
460,ETF,Rachel,TSLA,200,214.95,SELL
461,Growth,Stacy,AMZN,500,191.68,SELL
462,Growth,Sarah,NVDA,500,489.76,SELL
463,ETF,Thomas,MSFT,100,328.14,BUY
464,Income,Jose,JPM,200,424.46,BUY
465,Growth,Kevin,AAPL,500,167.65,SELL
466,Growth,Deanna,NVDA,200,411.29,SELL
467,ETF,Shirley,JPM,500,312.28,SELL
468,Growth,Christopher,AMZN,200,497.43,BUY
469,Income,Joseph,JPM,100,425.23,BUY
470,ETF,Laura,JPM,500,357.47,BUY
471,Income,Jasmine,AAPL,500,449.9,SELL
472,Income,Charles,TSLA,100,175.02,SELL
473,Growth,William,AMZN,100,170.13,BUY
474,Growth,Dwayne,JPM,100,359.98,BUY
475,ETF,Kelly,MSFT,100,347.8,BUY
476,Income,Erin,NVDA,100,274.27,SELL
477,ETF,Courtney,AMZN,100,239.52,BUY
478,Income,Raymond,MSFT,100,466.64,BUY
479,Growth,Kimberly,MSFT,200,358.94,SELL
480,Growth,James,GS,500,341.84,SELL
481,ETF,Amy,MSFT,500,420.37,SELL
482,Income,Glenn,GS,100,491.23,SELL
483,Income,Eric,GS,500,97.19,SELL
484,Income,Jennifer,TSLA,500,455.16,BUY
485,Growth,Michael,TSLA,200,220.46,SELL
486,ETF,Christina,AMZN,500,297.01,BUY
487,Income,Debra,NVDA,200,229.48,SELL
488,Income,Faith,GS,200,376.54,BUY
489,Growth,Brian,NVDA,100,84.73,SELL
490,ETF,Carla,AAPL,500,478.7,BUY
491,Growth,Brandon,JPM,200,498.01,BUY
492,Growth,Andrew,AMZN,200,72.29,SELL
493,Growth,Tammy,JPM,200,327.71,SELL
494,Income,Shirley,AAPL,100,411.65,SELL
495,ETF,Joseph,GS,200,414.28,SELL
496,Income,Elizabeth,AAPL,100,331.93,BUY
497,Income,Allen,AMZN,500,257.58,BUY
498,Income,Jonathan,JPM,200,493.49,BUY
499,Income,Rachel,JPM,200,250.32,BUY
500,Growth,Derek,NVDA,200,381.01,BUY
501,ETF,Stephanie,GS,200,454.26,SELL
502,Income,David,MSFT,200,68.12,SELL
503,Income,Keith,TSLA,200,461.84,BUY
504,ETF,Christine,AMZN,200,384.66,BUY
505,Growth,Bridget,AAPL,200,456.13,SELL
506,Income,Kathryn,TSLA,100,124.05,BUY
507,Growth,Vanessa,TSLA,100,480.39,SELL
508,Growth,Matthew,AAPL,100,473.12,BUY
509,ETF,Patricia,TSLA,500,382.19,BUY
510,Growth,Angela,JPM,100,92.23,BUY
511,Income,Melissa,GS,200,279.0,BUY
512,Growth,Darrell,GS,200,187.42,BUY
513,Growth,Laura,AMZN,100,238.68,BUY
514,Income,Emily,MSFT,500,291.34,SELL
515,Income,Alexandria,TSLA,200,326.5,BUY
516,ETF,Dawn,JPM,500,362.58,BUY
517,ETF,Craig,GS,100,167.62,BUY
518,ETF,Shannon,GS,500,476.71,BUY
519,Income,Lori,JPM,100,293.26,BUY
520,ETF,Nancy,MSFT,500,390.49,BUY
521,ETF,Tammy,GS,100,246.16,SELL
522,Growth,Suzanne,AAPL,200,490.57,BUY
523,Income,Frederick,AMZN,500,424.59,SELL
524,Income,Jennifer,MSFT,200,236.28,SELL
525,Income,Brandon,JPM,500,369.81,SELL
526,Growth,Kristine,NVDA,200,482.13,SELL
527,Growth,Adriana,JPM,200,275.75,BUY
528,Income,Scott,TSLA,200,167.47,BUY
529,ETF,Patricia,AMZN,500,412.79,SELL
530,ETF,Michael,MSFT,200,122.62,SELL
531,Income,Daniel,AMZN,500,64.55,BUY
532,ETF,Sheila,AMZN,200,411.96,SELL
533,ETF,Wesley,GS,200,167.76,SELL
534,ETF,Joseph,TSLA,100,302.14,SELL
535,ETF,Mark,GS,500,186.21,BUY
536,Income,Tamara,TSLA,100,382.58,BUY
537,ETF,Joseph,TSLA,100,228.6,BUY
538,Growth,Karen,MSFT,200,56.88,SELL
539,ETF,Michael,NVDA,100,422.13,SELL
540,ETF,Antonio,NVDA,200,268.93,BUY
541,Growth,Justin,AMZN,500,84.57,BUY
542,Income,Katherine,NVDA,100,456.59,SELL
543,Income,Benjamin,JPM,500,393.48,BUY
544,Growth,Sarah,JPM,100,333.22,SELL
545,ETF,Isabella,NVDA,100,102.19,BUY
546,Growth,Nancy,MSFT,200,100.17,SELL
547,ETF,David,NVDA,500,492.54,BUY
548,Growth,Amanda,NVDA,100,307.47,BUY
549,Income,Julie,GS,100,482.16,SELL
550,Growth,Susan,JPM,500,467.11,SELL
551,ETF,Amanda,AAPL,200,113.53,BUY
552,Income,Brooke,GS,500,423.0,BUY
553,ETF,Michael,AAPL,200,177.78,SELL
554,Income,Alyssa,AMZN,100,111.43,SELL
555,Income,Jennifer,AMZN,500,124.65,SELL
556,Income,Todd,NVDA,100,233.45,SELL
557,ETF,Christina,JPM,100,385.64,SELL
558,Growth,Roy,NVDA,200,436.34,SELL
559,Growth,Jennifer,NVDA,200,499.24,BUY
560,Growth,Joshua,AAPL,500,164.53,BUY
561,Growth,Danielle,AAPL,200,389.8,SELL
562,Growth,Samuel,TSLA,500,498.26,SELL
563,ETF,Joseph,NVDA,100,480.6,SELL
564,Income,Jason,TSLA,500,238.3,SELL
565,Income,Kayla,NVDA,200,326.12,BUY
566,Growth,Vincent,MSFT,500,440.19,BUY
567,Income,Juan,NVDA,100,249.2,BUY
568,ETF,Amy,JPM,200,97.31,SELL
569,Income,Stephen,JPM,500,394.1,BUY
570,ETF,Daniel,GS,200,457.47,SELL
571,ETF,Garrett,GS,500,388.21,BUY
572,ETF,Robert,AAPL,100,461.78,SELL
573,ETF,Elizabeth,NVDA,500,310.7,SELL
574,ETF,Charles,AAPL,500,297.36,BUY
575,ETF,Tyrone,GS,500,389.68,BUY
576,Growth,Lisa,JPM,100,141.17,BUY
577,Growth,William,AAPL,500,192.4,SELL
578,Growth,Michael,AMZN,200,312.49,BUY
579,ETF,Lori,AMZN,500,299.52,SELL
580,Income,Edward,MSFT,500,379.01,SELL
581,ETF,Adam,AAPL,100,337.93,SELL
582,Growth,Alexander,NVDA,200,154.41,BUY
583,Income,Christopher,TSLA,100,462.68,BUY
584,Income,Cynthia,AMZN,200,287.3,SELL
585,ETF,Dawn,MSFT,200,470.44,BUY
586,Income,Dylan,AAPL,500,475.22,SELL
587,Growth,Breanna,MSFT,100,165.34,SELL
588,Income,Michelle,MSFT,200,179.05,BUY
589,ETF,Heather,JPM,100,303.87,BUY
590,ETF,Catherine,MSFT,100,291.73,BUY
591,Growth,Todd,TSLA,200,455.66,SELL
592,Growth,Casey,NVDA,500,121.39,SELL
593,Growth,Jonathan,AMZN,200,247.81,BUY
594,Growth,Scott,NVDA,100,376.61,SELL
595,Growth,John,MSFT,200,173.43,BUY
596,Income,Michael,TSLA,200,221.52,SELL
597,Growth,Victor,TSLA,100,173.09,SELL
598,ETF,Daniel,AAPL,500,100.87,BUY
599,Growth,Michael,NVDA,200,258.42,BUY
600,ETF,Scott,TSLA,200,219.82,SELL
601,Growth,Emma,GS,200,496.79,BUY
602,ETF,Tiffany,TSLA,200,314.31,BUY
603,ETF,Hayley,MSFT,100,178.67,SELL
604,Growth,Cassie,MSFT,100,111.66,BUY
605,ETF,Kimberly,JPM,500,118.3,SELL
606,Income,Dennis,AAPL,200,382.64,BUY
607,Income,Erica,AMZN,100,468.49,BUY
608,ETF,Connor,NVDA,100,372.3,BUY
609,Growth,Amy,AAPL,200,308.65,SELL
610,Income,Christine,AAPL,200,210.23,BUY
611,ETF,Julie,AMZN,200,438.71,SELL
612,Income,Rebecca,MSFT,100,285.82,SELL
613,Income,Teresa,NVDA,100,159.45,BUY
614,Growth,Candace,AAPL,200,384.69,SELL
615,Income,Amanda,JPM,200,189.28,BUY
616,Growth,Ronnie,MSFT,500,360.67,SELL
617,Growth,Rebecca,AAPL,100,256.54,BUY
618,Growth,Robert,AAPL,100,302.01,BUY
619,Growth,Kathryn,MSFT,100,202.87,BUY
620,ETF,Christian,TSLA,500,180.27,SELL
621,ETF,Kimberly,NVDA,200,59.65,BUY
622,Growth,Joseph,MSFT,100,274.53,BUY
623,Growth,Elizabeth,GS,200,393.3,BUY
624,Income,Kenneth,AMZN,500,96.96,SELL
625,Growth,Jennifer,AAPL,100,286.89,SELL
626,Growth,David,GS,500,113.74,BUY
627,Income,Benjamin,AMZN,500,251.36,SELL
628,ETF,Joseph,AAPL,500,124.12,BUY
629,Growth,Isabella,MSFT,100,237.58,BUY
630,Income,Tammy,JPM,500,85.85,BUY
631,Growth,Jennifer,AMZN,500,362.47,SELL
632,Income,Cynthia,NVDA,200,241.82,SELL
633,Growth,Scott,MSFT,200,356.15,BUY
634,Growth,Helen,JPM,100,149.11,BUY
635,ETF,Dan,JPM,200,83.74,SELL
636,Income,Annette,AAPL,500,202.49,SELL
637,Income,Christopher,NVDA,100,495.23,SELL
638,ETF,James,JPM,100,339.12,BUY
639,Income,Ryan,AAPL,100,367.01,BUY
640,Income,Stacy,AMZN,500,481.69,BUY
641,Growth,Samantha,JPM,100,355.89,BUY
642,Income,Tina,AMZN,100,99.38,BUY
643,ETF,Karen,NVDA,100,319.36,BUY
644,ETF,Michael,NVDA,200,471.6,SELL
645,Income,Micheal,AMZN,100,492.79,BUY
646,Income,Sandra,AMZN,100,302.29,BUY
647,Income,Matthew,TSLA,200,422.65,SELL
648,ETF,Derek,AAPL,200,64.68,BUY
649,Income,Daniel,TSLA,200,91.49,BUY
650,Growth,Frank,MSFT,100,89.48,BUY
651,Growth,Shawn,AMZN,100,406.93,SELL
652,Growth,Jessica,GS,100,215.53,SELL
653,Growth,Christy,AAPL,500,82.88,BUY
654,Growth,Lisa,NVDA,500,366.0,SELL
655,Income,Juan,AMZN,100,479.35,BUY
656,Income,Eric,GS,200,225.69,SELL
657,Income,Alicia,NVDA,100,141.68,BUY
658,Growth,James,AMZN,200,457.25,SELL
659,Income,Justin,AMZN,500,225.98,SELL
660,ETF,Jacqueline,TSLA,500,372.78,BUY
661,Growth,Brian,NVDA,100,356.57,BUY
662,ETF,Reginald,NVDA,500,335.32,SELL
663,Growth,Charles,JPM,100,461.38,BUY
664,Income,Christine,NVDA,500,465.77,BUY
665,ETF,Heather,MSFT,200,458.77,BUY
666,ETF,Arthur,MSFT,100,275.91,BUY
667,ETF,Kim,MSFT,200,63.88,BUY
668,Growth,Amy,GS,500,97.42,BUY
669,Income,Scott,NVDA,100,312.13,BUY
670,ETF,Dylan,MSFT,100,178.14,BUY
671,Growth,Joseph,TSLA,500,92.13,BUY
672,ETF,Gloria,JPM,500,372.33,BUY
673,ETF,Christine,JPM,500,360.26,SELL
674,Income,Evan,AMZN,500,287.07,BUY
675,Growth,James,MSFT,200,268.42,SELL
676,ETF,Edward,AAPL,100,491.05,BUY
677,ETF,Ian,TSLA,100,399.71,BUY
678,Income,Brittany,NVDA,100,215.43,SELL
679,Income,Eric,GS,200,306.58,SELL
680,ETF,Valerie,AMZN,100,317.44,BUY
681,Income,Nicholas,AMZN,100,403.46,SELL
682,Income,William,NVDA,500,144.99,BUY
683,Growth,Barbara,GS,500,64.04,SELL
684,ETF,James,JPM,500,246.89,SELL
685,ETF,Christina,MSFT,200,89.5,SELL
686,Growth,Amanda,AMZN,100,121.45,BUY
687,ETF,James,GS,200,198.19,BUY
688,Income,Roger,AMZN,100,446.79,BUY
689,ETF,Diane,TSLA,500,161.22,BUY
690,Income,Nicholas,JPM,200,120.24,BUY
691,Income,Jerry,TSLA,200,434.86,BUY
692,Income,James,AMZN,200,428.56,BUY
693,Income,Kenneth,JPM,200,112.19,BUY
694,ETF,Michelle,MSFT,500,267.01,BUY
695,Income,John,NVDA,200,164.76,SELL
696,Growth,Laura,MSFT,200,242.16,SELL
697,ETF,Brian,MSFT,100,170.43,SELL
698,Growth,Tommy,AMZN,200,384.74,BUY
699,Growth,Michael,AMZN,100,426.59,SELL
700,Growth,Denise,JPM,200,331.69,BUY
701,ETF,Suzanne,JPM,100,140.54,BUY
702,Income,Shelly,NVDA,500,165.22,SELL
703,ETF,Megan,GS,200,449.64,SELL
704,Growth,Derek,NVDA,100,58.87,SELL
705,Growth,Melanie,AMZN,500,64.76,BUY
706,Income,Christopher,AMZN,500,471.07,SELL
707,Growth,Andrew,GS,500,253.18,SELL
708,Growth,Ashley,MSFT,200,326.29,SELL
709,Income,Corey,JPM,500,184.47,SELL
710,ETF,Amber,AAPL,500,385.05,BUY
711,Income,Jason,MSFT,500,358.4,BUY
712,Income,Jeffrey,JPM,200,109.84,BUY
713,Growth,Michael,AMZN,500,470.29,BUY
714,Growth,Lori,AMZN,500,422.22,BUY
715,ETF,Caleb,AAPL,100,93.57,BUY
716,Growth,Jesse,TSLA,100,151.79,SELL
717,ETF,Stanley,TSLA,500,209.38,BUY
718,ETF,Wendy,NVDA,200,174.32,BUY
719,Growth,Norman,GS,100,242.54,BUY
720,Growth,Kathy,JPM,200,499.19,BUY
721,ETF,Cathy,AAPL,100,175.24,SELL
722,ETF,Douglas,AAPL,200,414.09,BUY
723,ETF,Michael,MSFT,500,282.57,SELL
724,Income,Monique,TSLA,200,273.01,SELL
725,Income,Justin,AAPL,500,499.9,BUY
726,Income,Sharon,GS,200,57.88,SELL
727,Income,Donald,AAPL,500,475.32,BUY
728,Income,Tyler,NVDA,500,468.06,BUY
729,Growth,Megan,JPM,200,378.03,BUY
730,Income,Amy,JPM,200,112.62,SELL
731,Income,Melissa,AAPL,200,289.16,SELL
732,Growth,Grace,NVDA,200,217.83,BUY
733,Growth,Susan,MSFT,500,222.5,SELL
734,ETF,Christopher,JPM,200,286.12,SELL
735,Growth,Steven,NVDA,100,136.41,SELL
736,ETF,Monica,NVDA,500,80.15,SELL
737,ETF,Darlene,AAPL,200,489.81,BUY
738,Growth,Benjamin,NVDA,200,82.08,BUY
739,Income,Amy,TSLA,100,52.99,BUY
740,Growth,Russell,AMZN,200,225.52,BUY
741,Income,Stacey,MSFT,100,469.88,BUY
742,Income,Jeffrey,TSLA,100,345.56,BUY
743,Income,Taylor,GS,200,321.95,SELL
744,Income,Kelsey,GS,200,184.65,BUY
745,Growth,Dawn,TSLA,200,133.89,BUY
746,Growth,Eric,GS,500,227.09,BUY
747,Growth,Amanda,AAPL,100,302.8,BUY
748,Income,Steven,AMZN,500,227.37,SELL
749,Income,Angelica,AAPL,200,289.58,SELL
750,Income,Brandon,NVDA,100,315.64,BUY
751,Income,Kelsey,AMZN,500,270.21,SELL
752,Income,Elizabeth,NVDA,100,188.58,SELL
753,Income,Bradley,NVDA,200,245.4,BUY
754,Income,Jennifer,JPM,100,431.45,BUY
755,Income,Aaron,NVDA,200,358.46,BUY
756,ETF,Mary,AAPL,500,439.66,SELL
757,Growth,Nancy,JPM,200,61.12,BUY
758,ETF,Olivia,MSFT,200,64.77,SELL
759,ETF,Kristin,NVDA,100,430.99,BUY
760,Income,Patrick,TSLA,500,96.13,SELL
761,Growth,Michael,GS,100,348.87,SELL
762,ETF,Jose,AMZN,100,318.53,SELL
763,ETF,Joshua,TSLA,500,74.13,BUY
764,Income,Kristina,AAPL,500,402.1,BUY
765,Growth,Joseph,TSLA,100,123.66,BUY
766,Growth,Eric,TSLA,200,377.35,SELL
767,Income,Kathleen,NVDA,500,367.19,BUY
768,Growth,Anthony,AAPL,200,90.27,BUY
769,ETF,Mitchell,AAPL,500,274.34,SELL
770,Income,Stephen,AAPL,200,318.18,SELL
771,ETF,Derrick,AAPL,100,181.76,BUY
772,Growth,Edward,AMZN,100,158.3,BUY
773,Growth,Jason,NVDA,100,345.82,SELL
774,Growth,Robert,MSFT,200,135.82,SELL
775,ETF,John,NVDA,100,210.13,SELL
776,ETF,Kelly,AAPL,100,451.33,BUY
777,Growth,George,GS,100,431.89,SELL
778,ETF,Paul,JPM,100,214.46,BUY
779,ETF,Amy,NVDA,500,229.3,SELL
780,Income,Nancy,AAPL,200,118.41,SELL
781,ETF,Walter,JPM,100,245.16,BUY
782,ETF,Nicole,NVDA,100,302.04,SELL
783,ETF,Jessica,MSFT,200,333.47,SELL
784,Income,Bethany,NVDA,200,405.13,BUY
785,Income,James,AMZN,200,173.67,BUY
786,Growth,Brooke,GS,500,387.55,SELL
787,Growth,John,GS,500,419.69,BUY
788,Income,Luis,MSFT,100,262.57,SELL
789,Income,Crystal,TSLA,500,481.98,SELL
790,Growth,Susan,GS,500,281.11,SELL
791,ETF,Eric,MSFT,500,454.53,SELL
792,ETF,David,GS,100,271.61,BUY
793,Income,Kari,JPM,100,81.56,SELL
794,Growth,George,JPM,200,275.0,BUY
795,Growth,Suzanne,GS,500,186.74,BUY
796,Income,Charles,TSLA,500,375.93,BUY
797,Income,Mariah,JPM,100,442.72,BUY
798,Growth,Morgan,GS,100,231.25,SELL
799,ETF,Sean,MSFT,500,482.67,BUY
800,Growth,Sara,AMZN,100,385.13,SELL
801,ETF,Elizabeth,NVDA,100,74.16,SELL
802,ETF,Kelly,AMZN,100,478.22,SELL
803,Income,Luke,MSFT,500,100.64,SELL
804,ETF,Gene,AMZN,500,288.24,SELL
805,Income,Regina,AMZN,200,402.59,BUY
806,ETF,Thomas,NVDA,500,439.5,SELL
807,Income,Timothy,TSLA,200,370.48,BUY
808,ETF,Linda,MSFT,100,499.06,BUY
809,Growth,Monica,TSLA,500,367.08,BUY
810,ETF,Charles,AMZN,500,132.07,SELL
811,Growth,Edward,AMZN,100,349.72,SELL
812,Income,Rebecca,GS,100,406.5,SELL
813,ETF,Juan,JPM,200,76.55,SELL
814,Growth,Matthew,NVDA,100,481.74,SELL
815,Income,Kaitlyn,NVDA,100,103.83,BUY
816,ETF,Felicia,MSFT,500,430.51,SELL
817,ETF,Kayla,NVDA,500,124.47,SELL
818,Income,Jeffrey,TSLA,500,293.18,BUY
819,ETF,Micheal,NVDA,100,207.67,SELL
820,Income,Ricky,NVDA,500,416.1,BUY
821,Growth,Karen,TSLA,100,404.74,BUY
822,ETF,Alex,MSFT,100,428.86,SELL
823,ETF,Luis,AMZN,200,106.08,BUY
824,Income,Emily,NVDA,100,310.64,SELL
825,ETF,Michelle,AAPL,100,455.33,BUY
826,Income,Heather,GS,200,483.19,BUY
827,Growth,Jason,AMZN,500,67.12,BUY
828,Income,Michael,JPM,200,166.59,SELL
829,Income,Lisa,GS,100,190.13,SELL
830,Growth,Sherry,NVDA,100,145.95,SELL
831,ETF,Eric,NVDA,200,215.74,BUY
832,Income,Guy,TSLA,100,298.2,SELL
833,Growth,Lindsay,TSLA,100,173.39,BUY
834,Growth,Raymond,GS,200,123.8,BUY
835,ETF,Douglas,AMZN,100,258.69,BUY
836,Growth,Ashlee,TSLA,100,262.37,SELL
837,Income,Jane,TSLA,500,223.24,SELL
838,Income,Christopher,TSLA,500,404.27,BUY
839,Income,Tiffany,JPM,500,441.04,SELL
840,Income,Michael,JPM,100,342.87,BUY
841,Income,Elizabeth,NVDA,100,199.31,BUY
842,ETF,Cody,MSFT,100,416.7,BUY
843,Growth,Stephanie,GS,200,305.93,BUY
844,ETF,Jordan,JPM,500,139.74,SELL
845,Growth,Megan,AMZN,500,359.38,SELL
846,ETF,Patrick,JPM,500,359.34,SELL
847,Growth,Dana,MSFT,200,274.28,BUY
848,ETF,Nicholas,AMZN,200,190.76,BUY
849,Income,Laura,GS,100,205.84,BUY
850,ETF,David,JPM,100,451.87,SELL
851,ETF,Angela,JPM,200,358.76,SELL
852,Income,Warren,AMZN,100,95.06,SELL
853,Growth,Ryan,TSLA,200,304.98,BUY
854,ETF,Sandra,AAPL,100,334.29,SELL
855,Growth,Michelle,GS,500,322.36,BUY
856,Income,Eric,JPM,100,187.79,SELL
857,Income,Erik,MSFT,100,74.52,SELL
858,ETF,Ellen,GS,200,327.81,BUY
859,Income,Carl,GS,200,236.7,BUY
860,ETF,Stephanie,TSLA,200,367.83,SELL
861,Income,Erika,AMZN,500,311.71,SELL
862,Income,Brian,TSLA,200,146.13,BUY
863,Growth,Kelsey,AAPL,200,245.98,BUY
864,Income,Victor,MSFT,500,349.4,SELL
865,ETF,Joseph,GS,500,431.35,BUY
866,Income,Stephanie,AAPL,100,334.64,SELL
867,ETF,Allison,AAPL,200,464.74,SELL
868,Growth,Laura,TSLA,200,276.5,SELL
869,Growth,Mario,MSFT,100,269.08,BUY
870,ETF,Pamela,TSLA,100,496.61,SELL
871,ETF,Richard,NVDA,100,462.27,BUY
872,Growth,Nancy,AMZN,100,498.26,SELL
873,Growth,Elizabeth,AAPL,500,145.77,SELL
874,ETF,Whitney,TSLA,200,361.08,BUY
875,ETF,Cassandra,JPM,100,109.16,SELL
876,Income,William,AAPL,100,82.77,SELL
877,ETF,Joseph,GS,200,422.96,BUY
878,Growth,Christopher,AAPL,200,101.22,SELL
879,ETF,Dustin,AMZN,100,279.71,BUY
880,Income,James,MSFT,200,232.86,BUY
881,Income,Wanda,MSFT,100,147.94,SELL
882,Growth,Bradley,JPM,500,461.35,SELL
883,Growth,Jesse,TSLA,100,267.7,BUY
884,Income,Cassandra,NVDA,500,288.54,SELL
885,ETF,Stephanie,AMZN,100,93.36,SELL
886,Growth,Robert,AAPL,200,378.23,SELL
887,Growth,Mary,AMZN,200,160.34,SELL
888,Income,Kirsten,AMZN,500,372.55,BUY
889,Growth,Jessica,AAPL,500,382.14,SELL
890,ETF,Shaun,AMZN,500,196.02,SELL
891,ETF,Douglas,NVDA,200,86.19,SELL
892,ETF,Jennifer,AAPL,200,495.26,SELL
893,Income,Paul,AMZN,500,190.18,SELL
894,Growth,Danny,TSLA,100,159.33,SELL
895,Growth,Cindy,MSFT,500,169.22,BUY
896,Growth,Jennifer,MSFT,500,365.65,SELL
897,ETF,Miguel,MSFT,200,157.31,SELL
898,Income,Jeffrey,TSLA,500,200.91,BUY
899,Income,John,GS,200,55.59,BUY
900,Income,Ian,AAPL,500,465.26,BUY
901,Growth,Michelle,GS,500,366.62,BUY
902,Growth,Claudia,TSLA,200,342.28,BUY
903,Income,Joanna,GS,500,475.81,BUY
904,Growth,Dylan,GS,100,360.56,SELL
905,ETF,Gabriela,TSLA,500,69.15,SELL
906,Income,William,MSFT,200,251.46,BUY
907,Growth,Kevin,AMZN,200,187.07,BUY
908,Income,Joe,GS,200,270.76,SELL
909,ETF,Gabriel,AMZN,200,414.59,BUY
910,ETF,Nicholas,MSFT,200,201.94,BUY
911,ETF,Todd,GS,100,342.07,BUY
912,ETF,Mario,MSFT,100,287.36,BUY
913,Income,Natalie,AMZN,200,156.82,SELL
914,Income,Christine,NVDA,100,172.99,BUY
915,Income,Brian,JPM,500,386.53,SELL
916,Income,Elizabeth,JPM,100,391.93,BUY
917,Growth,Diane,TSLA,500,252.25,SELL
918,ETF,Mackenzie,AMZN,500,289.53,BUY
919,Income,Terri,JPM,100,344.05,SELL
920,Income,Justin,NVDA,500,323.75,BUY
921,ETF,Michele,JPM,100,237.28,BUY
922,ETF,Christina,AAPL,100,393.68,BUY
923,Growth,Steven,GS,500,79.94,BUY
924,Growth,Bobby,GS,500,335.6,SELL
925,ETF,Larry,GS,200,391.9,SELL
926,Growth,Vicki,MSFT,200,67.41,SELL
927,ETF,Chad,AAPL,500,338.53,SELL
928,Growth,David,AAPL,500,444.82,BUY
929,Income,Bradley,AAPL,100,292.03,BUY
930,Income,Jessica,AAPL,500,51.97,BUY
931,Growth,Cheryl,GS,100,475.94,SELL
932,Growth,Joe,MSFT,200,394.86,BUY
933,ETF,Leslie,JPM,200,187.49,SELL
934,Income,Pamela,AMZN,100,454.15,BUY
935,Income,Joel,AMZN,200,332.92,SELL
936,ETF,Erica,AAPL,500,307.46,BUY
937,Growth,Ashley,TSLA,500,217.19,BUY
938,ETF,Keith,MSFT,500,252.03,BUY
939,Income,Robert,NVDA,500,448.98,SELL
940,Income,Mark,GS,100,235.33,BUY
941,ETF,Kim,AAPL,100,103.33,BUY
942,ETF,Amy,JPM,500,481.91,SELL
943,Income,Brittany,NVDA,100,262.58,SELL
944,ETF,Stephen,GS,200,297.5,BUY
945,Income,Joshua,AMZN,200,428.43,SELL
946,ETF,Samantha,TSLA,500,229.91,SELL
947,ETF,Jennifer,AAPL,100,329.36,BUY
948,ETF,Evan,GS,200,498.45,SELL
949,Growth,Billy,AMZN,500,97.42,SELL
950,Growth,Erin,JPM,200,407.03,BUY
951,Growth,Jenny,JPM,500,226.16,SELL
952,Growth,Bradley,AAPL,200,221.49,SELL
953,Growth,Justin,AMZN,200,459.04,SELL
954,Growth,Erin,MSFT,100,339.97,SELL
955,ETF,Sandra,AMZN,200,230.9,SELL
956,ETF,Patrick,NVDA,500,482.73,BUY
957,Income,Barbara,JPM,100,268.09,BUY
958,Income,Jennifer,MSFT,100,233.77,BUY
959,ETF,Samuel,TSLA,500,111.42,SELL
960,ETF,Cassandra,NVDA,100,319.78,SELL
961,Income,Malik,NVDA,500,392.02,BUY
962,ETF,Michael,AAPL,200,168.29,SELL
963,ETF,Brad,AAPL,100,239.71,BUY
964,Growth,Stephen,GS,500,330.4,BUY
965,Growth,Gabriela,AAPL,200,271.92,SELL
966,Growth,Derrick,NVDA,200,343.83,BUY
967,ETF,James,JPM,500,416.48,SELL
968,ETF,Nicole,TSLA,200,76.11,BUY
969,Growth,Lacey,JPM,500,453.01,SELL
970,Growth,Albert,GS,500,466.43,BUY
971,Income,Jorge,AAPL,200,328.52,BUY
972,Income,Pamela,AAPL,500,138.53,SELL
973,Income,Kathleen,TSLA,100,268.97,SELL
974,Growth,Linda,GS,100,477.08,BUY
975,Income,Natalie,JPM,500,203.04,SELL
976,Income,James,AMZN,500,186.27,BUY
977,Growth,Natalie,NVDA,100,446.21,BUY
978,ETF,Bethany,AAPL,500,259.14,BUY
979,Growth,John,MSFT,200,269.69,BUY
980,ETF,Ryan,GS,100,174.38,SELL
981,ETF,Thomas,AMZN,500,195.28,SELL
982,ETF,Sean,JPM,500,325.12,SELL
983,Income,Ricky,AAPL,500,474.3,BUY
984,Income,Christine,TSLA,200,434.31,BUY
985,Income,Christopher,AAPL,100,263.53,SELL
986,ETF,Craig,NVDA,100,424.05,BUY
987,ETF,Sandra,GS,500,172.03,BUY
988,ETF,Jody,TSLA,500,89.28,SELL
989,Growth,Deanna,AMZN,100,53.63,SELL
990,Growth,Stephen,GS,500,99.05,BUY
991,Growth,John,AAPL,100,324.72,SELL
992,Income,Jonathan,JPM,500,226.91,BUY
993,ETF,Rebecca,AMZN,200,260.62,SELL
994,Growth,Brian,NVDA,100,128.35,BUY
995,ETF,Christopher,NVDA,100,386.13,SELL
996,ETF,Peter,MSFT,500,217.6,BUY
997,ETF,Judy,JPM,100,263.19,SELL
998,Growth,Cynthia,MSFT,200,419.69,SELL
999,Income,Charles,NVDA,100,237.23,BUY
1000,ETF,Patrick,AAPL,100,169.08,BUY
1001,Income,Michael,TSLA,100,150.63,SELL
1002,Growth,Andre,GS,200,428.28,BUY
1003,ETF,Juan,NVDA,200,498.46,SELL
1004,Growth,Alex,JPM,200,222.53,BUY
1005,Growth,Andrea,AAPL,200,134.87,BUY
1006,Growth,Daniel,TSLA,100,248.1,BUY
1007,Growth,Kaitlyn,TSLA,100,196.98,SELL
1008,Growth,Kristen,JPM,500,315.55,SELL
1009,Growth,Ryan,MSFT,500,448.12,BUY
1010,Growth,Benjamin,GS,500,343.04,SELL
1011,Growth,Chelsea,GS,200,467.46,BUY
1012,ETF,Steven,AMZN,500,412.14,BUY
1013,Income,Tricia,TSLA,200,66.08,SELL
1014,ETF,William,MSFT,200,137.75,SELL
1015,Growth,Lori,AAPL,500,109.45,SELL
1016,Growth,Katherine,GS,500,78.13,BUY
1017,Growth,Angel,AMZN,200,392.23,BUY
1018,Growth,Sarah,TSLA,500,332.35,SELL
1019,Income,Caitlin,GS,200,458.04,SELL
1020,Growth,David,GS,100,185.36,BUY
1021,Income,Ashley,MSFT,500,294.56,BUY
1022,Growth,Margaret,MSFT,500,489.95,SELL
1023,ETF,Amy,JPM,100,201.72,SELL
1024,Growth,Jessica,AAPL,100,325.13,BUY
1025,Income,Robert,MSFT,500,317.45,SELL
1026,Growth,Valerie,TSLA,200,180.94,SELL
1027,ETF,Sean,AAPL,500,54.28,BUY
1028,Income,Roberto,AMZN,500,387.0,SELL
1029,Growth,Christopher,NVDA,200,304.22,BUY
1030,Growth,Robert,JPM,100,346.71,SELL
1031,ETF,Denise,AMZN,200,338.07,SELL
1032,Income,Becky,AMZN,100,271.49,SELL
1033,Income,Mary,AAPL,100,418.5,BUY
1034,Income,Jo,JPM,200,148.76,SELL
1035,Growth,Carl,GS,100,186.56,SELL
1036,Growth,Sandra,NVDA,100,145.77,SELL
1037,Income,Andrea,NVDA,100,130.92,SELL
1038,Income,Jonathan,TSLA,200,192.94,SELL
1039,Growth,Michael,GS,100,199.5,SELL
1040,Income,Abigail,TSLA,100,124.23,BUY
1041,Growth,Joseph,JPM,500,305.26,SELL
1042,ETF,Shannon,GS,200,392.53,BUY
1043,Income,Emily,AMZN,100,398.71,SELL
1044,Growth,Robert,TSLA,500,430.96,BUY
1045,Income,Pedro,NVDA,500,68.17,BUY
1046,ETF,Maria,AMZN,200,365.63,BUY
1047,ETF,Carol,AAPL,500,171.75,SELL
1048,Growth,Lucas,MSFT,500,261.27,BUY
1049,Income,Carrie,MSFT,100,97.21,BUY
1050,ETF,Brittany,NVDA,200,393.36,SELL
1051,Growth,Amy,NVDA,100,458.16,BUY
1052,Income,Jennifer,MSFT,100,102.32,SELL
1053,ETF,David,MSFT,100,393.9,SELL
1054,Growth,Brooke,NVDA,100,401.79,BUY
1055,Growth,Rachel,NVDA,500,247.71,BUY
1056,ETF,Rachel,AAPL,100,148.14,SELL
1057,ETF,Spencer,AMZN,500,472.97,SELL
1058,Income,Jordan,MSFT,100,274.48,SELL
1059,ETF,Kelly,AAPL,200,159.8,BUY
1060,Income,Kimberly,GS,100,391.04,BUY
1061,Income,Olivia,MSFT,500,420.92,BUY
1062,Growth,James,AMZN,200,252.19,SELL
1063,ETF,Robert,JPM,100,354.74,BUY
1064,Income,Christian,MSFT,500,451.93,BUY
1065,Income,Jeffrey,TSLA,100,143.69,SELL
1066,Growth,Laurie,JPM,200,403.41,BUY
1067,ETF,Luis,TSLA,200,139.58,BUY
1068,ETF,Heather,AAPL,100,201.61,SELL
1069,Growth,Jean,TSLA,100,142.18,BUY
1070,ETF,Jody,TSLA,100,168.76,SELL
1071,Income,Anna,GS,500,208.77,BUY
1072,Income,Lisa,JPM,200,229.65,SELL
1073,ETF,Sara,GS,500,272.12,BUY
1074,Growth,Heather,AAPL,500,364.82,SELL
1075,ETF,Chris,AMZN,500,385.69,SELL
1076,Growth,Savannah,MSFT,200,363.86,SELL
1077,Growth,Olivia,AMZN,500,219.52,SELL
1078,Income,Lisa,AMZN,100,322.18,BUY
1079,Growth,Nicole,JPM,100,114.35,BUY
1080,Growth,Rachel,GS,500,495.35,BUY
1081,ETF,Jennifer,AAPL,200,324.41,SELL
1082,Income,Elizabeth,GS,100,230.34,SELL
1083,Income,James,GS,200,186.14,SELL
1084,ETF,Randy,MSFT,500,369.94,SELL
1085,Growth,Tracy,JPM,200,180.65,SELL
1086,Income,Lisa,MSFT,100,269.08,SELL
1087,ETF,Thomas,GS,100,432.71,SELL
1088,ETF,Danny,NVDA,100,397.17,BUY
1089,Income,Kyle,TSLA,500,152.66,BUY
1090,Income,Clifford,AMZN,500,219.13,BUY
1091,Growth,Nicole,GS,100,480.53,SELL
1092,Income,Bryan,AMZN,200,87.09,SELL
1093,ETF,Cynthia,MSFT,100,131.99,SELL
1094,ETF,James,AMZN,200,386.46,BUY
1095,Income,Katherine,AAPL,200,488.04,BUY
1096,ETF,Scott,AMZN,100,428.27,SELL
1097,Income,George,AAPL,200,190.97,SELL
1098,Income,Angela,MSFT,500,67.38,BUY
1099,ETF,Ryan,TSLA,100,344.31,BUY
1100,ETF,Michelle,MSFT,500,133.74,SELL
1101,Income,Stephen,AAPL,100,186.65,BUY
1102,Income,Brian,TSLA,200,239.22,BUY
1103,Income,Karen,MSFT,500,208.64,SELL
1104,Growth,Roger,JPM,500,383.68,SELL
1105,Income,Donna,NVDA,100,290.25,BUY
1106,Income,Adam,AAPL,200,215.4,BUY
1107,Growth,Anthony,NVDA,500,409.35,BUY
1108,Growth,Erin,GS,100,186.88,SELL
1109,Growth,Robert,AAPL,500,214.74,SELL
1110,Income,April,GS,200,334.42,SELL
1111,Growth,David,TSLA,100,482.9,SELL
1112,Growth,Scott,AAPL,500,259.5,BUY
1113,Income,Erica,MSFT,500,403.57,SELL
1114,ETF,Robert,AAPL,500,126.56,SELL
1115,Growth,Alison,MSFT,200,50.86,SELL
1116,ETF,Sarah,GS,100,377.96,BUY
1117,ETF,Teresa,AMZN,500,209.79,SELL
1118,Income,Miranda,MSFT,100,347.21,BUY
1119,Income,Amanda,JPM,500,88.81,BUY
1120,Growth,Howard,TSLA,500,112.29,BUY
1121,Growth,Betty,JPM,100,361.74,BUY
1122,Income,Anthony,JPM,100,99.77,BUY
1123,Income,Erin,MSFT,200,375.62,BUY
1124,Growth,Jamie,MSFT,100,271.93,SELL
1125,Growth,Robert,AAPL,200,480.12,BUY
1126,ETF,Steven,MSFT,500,307.32,BUY
1127,Growth,Brian,GS,200,100.42,SELL
1128,Growth,Laura,AMZN,200,387.2,BUY
1129,Growth,Devin,NVDA,100,368.79,SELL
1130,ETF,Brian,TSLA,200,481.71,SELL
1131,Income,Joseph,TSLA,100,221.84,BUY
1132,Income,Tara,MSFT,200,423.16,SELL
1133,Growth,Nancy,NVDA,100,240.3,SELL
1134,ETF,Zachary,MSFT,200,178.0,BUY
1135,ETF,Elizabeth,AAPL,500,453.7,BUY
1136,ETF,Michael,GS,200,375.26,SELL
1137,Income,Harold,JPM,200,249.6,BUY
1138,Growth,Nicholas,TSLA,100,341.17,SELL
1139,Growth,Zachary,MSFT,100,198.56,BUY
1140,ETF,Jill,MSFT,500,145.87,SELL
1141,Income,Caroline,NVDA,200,109.0,SELL
1142,Growth,Jennifer,AMZN,500,129.96,BUY
1143,Growth,Deborah,NVDA,200,158.66,BUY
1144,Growth,Kevin,MSFT,500,428.58,SELL
1145,Growth,Jay,AAPL,500,440.98,BUY
1146,Growth,Chelsea,AMZN,100,259.29,BUY
1147,Income,Amber,MSFT,500,116.39,SELL
1148,Income,Zachary,GS,200,411.7,BUY
1149,ETF,Casey,AAPL,100,296.91,BUY
1150,ETF,Amanda,NVDA,100,229.87,SELL
1151,Income,Amanda,MSFT,200,312.04,SELL
1152,ETF,Cynthia,MSFT,200,315.97,BUY
1153,Income,Scott,AMZN,200,490.91,BUY
1154,ETF,Lauren,MSFT,200,213.08,BUY
1155,Income,Cheryl,MSFT,200,151.67,SELL
1156,Growth,Kevin,AMZN,100,351.1,BUY
1157,Income,Kellie,AMZN,200,481.37,SELL
1158,Income,Caitlin,MSFT,200,414.84,SELL
1159,Income,Terrance,MSFT,100,427.69,SELL
1160,Income,Olivia,NVDA,200,291.13,SELL
1161,Income,Victoria,AAPL,200,360.26,SELL
1162,Income,Harold,AAPL,100,482.88,SELL
1163,ETF,Andrew,NVDA,100,434.17,SELL
1164,Income,Jenny,GS,500,475.38,SELL
1165,ETF,David,TSLA,100,494.24,SELL
1166,Growth,Glenda,TSLA,100,114.34,SELL
1167,ETF,Diane,JPM,500,489.98,BUY
1168,Income,Susan,NVDA,500,406.55,SELL
1169,Income,Richard,AAPL,200,210.68,BUY
1170,Growth,David,GS,500,194.6,BUY
1171,ETF,Kathy,NVDA,500,441.6,BUY
1172,Growth,Michele,MSFT,100,254.72,SELL
1173,ETF,Carlos,JPM,500,241.84,BUY
1174,ETF,Christina,TSLA,100,443.61,BUY
1175,Growth,Susan,JPM,500,89.61,SELL
1176,Growth,Anthony,NVDA,100,229.7,SELL
1177,Growth,Michelle,JPM,200,171.28,SELL
1178,ETF,Kristina,AAPL,200,119.13,SELL
1179,ETF,Jamie,TSLA,500,465.27,SELL
1180,Growth,Jessica,AAPL,100,155.85,BUY
1181,Growth,Brandon,JPM,200,139.48,BUY
1182,Growth,Melissa,AMZN,200,129.47,SELL
1183,Income,William,JPM,500,406.9,SELL
1184,Growth,Desiree,NVDA,100,352.59,SELL
1185,ETF,Heidi,GS,500,476.58,SELL
1186,ETF,Edward,AMZN,100,244.59,BUY
1187,Growth,Jose,GS,500,154.37,SELL
1188,Income,Cole,JPM,100,117.3,BUY
1189,Growth,Derrick,AAPL,200,425.68,BUY
1190,Growth,Cheryl,TSLA,100,347.38,BUY
1191,Income,Tamara,MSFT,100,114.01,SELL
1192,Income,Paul,TSLA,200,429.61,BUY
1193,ETF,Mark,TSLA,100,350.41,SELL
1194,ETF,Jesse,AMZN,500,84.65,SELL
1195,Growth,Sarah,TSLA,500,281.79,SELL
1196,ETF,Miranda,NVDA,200,374.23,BUY
1197,Growth,Jesse,TSLA,200,431.2,SELL
1198,ETF,Crystal,JPM,100,471.13,BUY
1199,Income,Walter,TSLA,100,171.52,BUY
1200,ETF,Jessica,GS,500,261.02,BUY
1201,ETF,Andrea,JPM,100,161.93,BUY
1202,ETF,Megan,MSFT,200,376.16,BUY
1203,Income,Ricardo,MSFT,100,467.84,BUY
1204,ETF,Monica,MSFT,100,158.37,SELL
1205,Growth,Cathy,AAPL,100,364.56,SELL
1206,ETF,Kimberly,TSLA,200,313.29,SELL
1207,Growth,William,TSLA,100,137.66,SELL
1208,ETF,Steven,GS,500,472.46,BUY
1209,Growth,Matthew,MSFT,100,144.06,BUY
1210,Growth,Zachary,GS,500,100.53,SELL
1211,Growth,Cody,JPM,500,167.09,SELL
1212,Growth,Lisa,JPM,500,499.64,BUY
1213,Income,Brian,JPM,500,446.96,BUY
1214,Growth,Jill,NVDA,200,63.76,BUY
1215,Growth,Susan,AMZN,200,182.44,SELL
1216,Income,William,MSFT,500,353.51,BUY
1217,Growth,Olivia,AMZN,500,97.33,BUY
1218,ETF,Martin,NVDA,100,112.84,SELL
1219,ETF,Clayton,NVDA,100,196.6,BUY
1220,Growth,Kathleen,TSLA,200,490.01,SELL
1221,Growth,Joshua,GS,500,89.76,BUY
1222,Income,Dakota,AAPL,100,352.98,BUY
1223,ETF,Jenny,AAPL,200,447.34,SELL
1224,ETF,William,AAPL,200,284.64,BUY
1225,Growth,Ashley,MSFT,500,132.97,SELL
1226,Income,Dawn,MSFT,200,347.79,BUY
1227,ETF,Jonathon,AMZN,200,152.6,BUY
1228,Growth,Lisa,MSFT,200,75.98,BUY
1229,ETF,Frank,TSLA,500,116.36,SELL
1230,Growth,Andrew,GS,500,272.9,SELL
1231,Growth,William,JPM,100,493.48,BUY
1232,ETF,Lisa,GS,100,488.29,BUY
1233,Growth,Kenneth,AAPL,500,448.27,SELL
1234,ETF,Juan,JPM,500,423.82,BUY
1235,ETF,Debbie,TSLA,200,308.48,BUY
1236,Growth,Jill,AMZN,500,201.69,BUY
1237,ETF,Andrea,TSLA,500,181.91,BUY
1238,Income,Tony,JPM,200,247.84,BUY
1239,ETF,Michele,JPM,200,253.5,SELL
1240,ETF,Timothy,JPM,500,62.96,SELL
1241,Growth,Lee,GS,500,260.15,SELL
1242,ETF,Stephanie,AAPL,200,360.41,SELL
1243,Income,Scott,AAPL,100,147.43,SELL
1244,Income,Marc,NVDA,500,137.6,BUY
1245,Income,Melissa,AAPL,100,288.74,SELL
1246,Growth,Stacy,GS,200,236.53,SELL
1247,Income,Michael,AMZN,500,305.19,BUY
1248,Growth,Fernando,MSFT,200,339.79,BUY
1249,ETF,Timothy,JPM,100,139.34,SELL
1250,Income,Thomas,AMZN,500,278.9,BUY
1251,ETF,Emily,AAPL,200,399.74,BUY
1252,Income,Courtney,NVDA,200,483.43,SELL
1253,Income,Phyllis,AMZN,200,171.0,BUY
1254,Income,Jade,NVDA,200,396.79,BUY
1255,Income,Sara,AAPL,100,346.41,SELL
1256,Growth,Steven,MSFT,100,381.55,BUY
1257,Growth,Kayla,MSFT,100,72.99,BUY
1258,Growth,Richard,AAPL,500,390.3,BUY
1259,Income,Jane,MSFT,500,348.85,BUY
1260,Income,Kyle,TSLA,500,241.33,SELL
1261,Growth,Brittany,AAPL,200,264.79,BUY
1262,Growth,Tara,MSFT,200,454.3,SELL
1263,Growth,Daniel,MSFT,500,423.04,SELL
1264,Growth,Michael,JPM,500,452.71,BUY
1265,Income,Scott,AMZN,200,485.7,BUY
1266,Growth,Jessica,NVDA,500,318.29,BUY
1267,Growth,Anthony,MSFT,500,211.38,BUY
1268,Growth,Anthony,AAPL,100,221.58,SELL
1269,Income,Robin,TSLA,200,125.14,BUY
1270,ETF,Timothy,AMZN,100,391.47,BUY
1271,Growth,Thomas,NVDA,200,116.3,SELL
1272,Growth,Ashley,GS,100,50.47,BUY
1273,ETF,Jessica,JPM,200,452.29,BUY
1274,Income,Michael,AMZN,200,478.76,BUY
1275,Growth,Christian,TSLA,100,69.72,BUY
1276,Income,Tyler,JPM,200,69.35,SELL
1277,Growth,Gregory,MSFT,100,121.55,SELL
1278,Growth,Amanda,NVDA,200,446.14,SELL
1279,ETF,Joseph,GS,500,150.91,SELL
1280,ETF,Michael,AMZN,200,250.97,BUY
1281,ETF,Lisa,TSLA,500,124.0,SELL
1282,Income,John,GS,200,292.3,SELL
1283,ETF,Michael,AAPL,100,330.33,SELL
1284,Income,Lori,TSLA,100,184.8,SELL
1285,Income,Phillip,JPM,200,230.56,BUY
1286,Growth,Jose,MSFT,500,358.93,BUY
1287,Income,Andrea,AMZN,200,85.47,SELL
1288,Income,Danny,NVDA,100,320.6,SELL
1289,Growth,Valerie,MSFT,100,366.07,BUY
1290,Growth,Taylor,JPM,500,101.58,BUY
1291,ETF,Jordan,TSLA,500,123.87,SELL
1292,Income,Margaret,NVDA,100,393.94,SELL
1293,ETF,David,NVDA,100,256.38,SELL
1294,ETF,Mary,TSLA,100,116.18,BUY
1295,Growth,John,NVDA,500,246.23,BUY
1296,ETF,Pam,AMZN,100,352.03,SELL
1297,Growth,Angela,MSFT,500,373.32,BUY
1298,Income,Sherry,NVDA,500,184.29,SELL
1299,Income,Stephanie,TSLA,100,460.23,BUY
1300,Growth,William,NVDA,100,495.89,SELL
1301,Income,Jennifer,JPM,100,137.34,SELL
1302,ETF,Micheal,NVDA,200,237.51,BUY
1303,Income,Michael,AAPL,100,432.54,SELL
1304,ETF,Julie,JPM,500,50.84,BUY
1305,ETF,Leslie,AAPL,100,214.18,BUY
1306,Income,Jamie,AAPL,100,410.56,BUY
1307,ETF,Sheryl,GS,200,426.74,SELL
1308,Income,Jose,AAPL,100,493.0,BUY
1309,Growth,Russell,GS,100,269.43,BUY
1310,Growth,Scott,AAPL,100,124.95,SELL
1311,ETF,Kimberly,JPM,500,399.44,SELL
1312,ETF,Jay,AMZN,500,294.81,SELL
1313,Income,Michael,AAPL,100,226.97,BUY
1314,Growth,Joseph,AAPL,100,112.34,BUY
1315,ETF,Sara,GS,200,152.9,SELL
1316,ETF,Thomas,JPM,500,76.76,SELL
1317,Growth,Kyle,TSLA,100,248.4,BUY
1318,ETF,Samantha,GS,100,216.23,SELL
1319,Income,Laurie,MSFT,500,364.42,SELL
1320,Growth,Danielle,GS,200,80.27,SELL
1321,ETF,Christopher,TSLA,100,347.88,SELL
1322,Income,Amy,NVDA,200,75.06,SELL
1323,Growth,Amanda,MSFT,100,397.93,BUY
1324,Income,John,AMZN,100,206.56,SELL
1325,Income,Sarah,JPM,500,349.23,SELL
1326,ETF,Heather,JPM,200,315.43,BUY
1327,Income,Natalie,AMZN,200,289.48,BUY
1328,ETF,Alison,TSLA,100,236.33,BUY
1329,Income,Micheal,NVDA,100,497.38,BUY
1330,Income,William,TSLA,200,335.44,SELL
1331,Growth,Ryan,MSFT,100,434.2,BUY
1332,ETF,David,NVDA,100,382.53,SELL
1333,ETF,David,AAPL,200,396.65,SELL
1334,Income,Heather,GS,100,238.19,BUY
1335,Income,Christina,MSFT,100,228.48,BUY
1336,Growth,Calvin,AAPL,100,265.35,BUY
1337,Growth,Cynthia,NVDA,100,157.32,BUY
1338,Income,Diana,NVDA,100,69.71,SELL
1339,Income,Scott,GS,100,200.27,BUY
1340,Growth,Aimee,JPM,500,141.11,SELL
1341,Income,Barbara,TSLA,500,497.39,BUY
1342,Growth,Amanda,GS,200,254.52,BUY
1343,ETF,Scott,TSLA,200,414.99,BUY
1344,ETF,Deborah,TSLA,500,222.83,BUY
1345,Income,Angela,NVDA,200,297.41,BUY
1346,Growth,Nathan,GS,500,210.66,BUY
1347,ETF,Katherine,GS,100,74.61,BUY
1348,ETF,Amanda,AMZN,500,407.72,BUY
1349,Growth,Spencer,JPM,500,451.97,SELL
1350,Income,Chad,JPM,100,343.92,BUY
1351,ETF,Paul,TSLA,500,135.12,BUY
1352,Growth,Juan,GS,200,422.39,SELL
1353,Growth,Norma,AMZN,200,305.53,BUY
1354,Income,Luke,GS,200,373.48,SELL
1355,Growth,Michelle,TSLA,100,495.82,BUY
1356,Income,Charles,NVDA,100,50.96,BUY
1357,ETF,Jeremy,TSLA,500,240.01,BUY
1358,ETF,Ann,AAPL,100,471.23,BUY
1359,Income,Lawrence,GS,100,71.72,BUY
1360,Growth,Jennifer,TSLA,500,116.21,BUY
1361,Growth,Courtney,AMZN,200,484.88,BUY
1362,Growth,Monica,JPM,500,326.94,BUY
1363,Income,Eric,AMZN,200,55.85,SELL
1364,Income,Ashley,JPM,100,247.07,BUY
1365,Income,Kimberly,JPM,100,336.59,SELL
1366,Growth,Carol,TSLA,200,350.31,SELL
1367,Growth,Maria,GS,100,304.51,SELL
1368,Growth,Steve,NVDA,500,451.89,SELL
1369,Growth,Evan,TSLA,200,208.19,BUY
1370,Income,Mark,JPM,100,249.87,SELL
1371,Growth,Courtney,JPM,500,297.33,SELL
1372,ETF,Tracey,AMZN,200,250.67,BUY
1373,ETF,Shannon,MSFT,200,227.24,SELL
1374,ETF,Karen,AAPL,100,247.78,SELL
1375,Growth,Brittany,AAPL,100,101.7,BUY
1376,Growth,Cody,MSFT,500,239.76,SELL
1377,Income,Jason,TSLA,200,381.87,BUY
1378,Growth,Kimberly,GS,100,391.99,BUY
1379,Income,Dana,AAPL,200,362.2,SELL
1380,ETF,William,MSFT,500,239.98,SELL
1381,ETF,Jill,GS,100,440.46,SELL
1382,ETF,James,JPM,100,469.21,SELL
1383,Income,Adam,GS,100,251.38,SELL
1384,Income,Jennifer,MSFT,500,56.95,BUY
1385,Growth,William,TSLA,500,234.07,BUY
1386,Growth,Dawn,AMZN,200,116.68,SELL
1387,ETF,Randall,TSLA,500,365.16,BUY
1388,Income,Wanda,NVDA,500,450.14,SELL
1389,Growth,Michelle,JPM,200,236.91,BUY
1390,ETF,Kayla,TSLA,200,403.8,BUY
1391,ETF,Michael,MSFT,500,198.08,SELL
1392,Income,John,MSFT,200,51.82,SELL
1393,Income,Janet,GS,100,430.04,BUY
1394,ETF,Brittany,JPM,500,224.0,SELL
1395,Income,Richard,TSLA,200,161.25,BUY
1396,Income,Monica,AMZN,100,215.97,SELL
1397,Income,Jimmy,AAPL,100,284.77,SELL
1398,Income,Michaela,AAPL,500,170.17,SELL
1399,Income,Megan,GS,500,286.32,SELL
1400,Growth,Theresa,NVDA,100,347.14,BUY
1401,Growth,Maurice,TSLA,100,342.33,BUY
1402,Income,John,MSFT,100,168.64,BUY
1403,ETF,Sherri,AMZN,200,350.37,BUY
1404,Growth,Nicholas,GS,500,436.99,BUY
1405,Growth,Kevin,MSFT,100,261.96,BUY
1406,Income,Sean,MSFT,200,402.55,BUY
1407,Growth,Amber,NVDA,200,448.51,BUY
1408,ETF,Angela,MSFT,500,349.39,BUY
1409,Growth,Thomas,NVDA,200,335.15,SELL
1410,Income,Donna,NVDA,100,230.46,SELL
1411,Growth,Michele,AAPL,500,101.94,BUY
1412,Income,John,JPM,500,233.72,SELL
1413,ETF,Michael,JPM,500,103.32,SELL
1414,Income,Denise,AMZN,100,101.18,SELL
1415,ETF,William,GS,100,451.44,SELL
1416,ETF,Bethany,AMZN,200,427.73,SELL
1417,ETF,Lindsey,AMZN,500,204.48,BUY
1418,ETF,Danielle,TSLA,200,462.98,SELL
1419,Income,Robert,AMZN,500,98.87,BUY
1420,Growth,Shelby,MSFT,200,97.9,BUY
1421,Income,Jesse,NVDA,500,270.52,BUY
1422,ETF,Brian,MSFT,500,446.33,SELL
1423,Income,Jason,AAPL,500,132.85,BUY
1424,ETF,Patricia,NVDA,100,262.32,SELL
1425,Income,Karen,NVDA,500,112.03,SELL
1426,Growth,Ann,JPM,500,256.71,BUY
1427,Income,Angela,MSFT,100,77.24,BUY
1428,ETF,Andrew,JPM,200,165.03,BUY
1429,ETF,Charles,AAPL,100,415.87,SELL
1430,Income,Elizabeth,GS,500,52.22,SELL
1431,Growth,Tina,NVDA,100,67.97,BUY
1432,ETF,David,JPM,500,172.56,BUY
1433,Income,Jenny,JPM,500,319.42,SELL
1434,ETF,Matthew,GS,100,345.44,BUY
1435,Growth,Monica,AMZN,100,183.82,SELL
1436,ETF,John,JPM,100,64.44,SELL
1437,ETF,Jared,TSLA,500,66.18,SELL
1438,ETF,Phillip,JPM,200,499.65,SELL
1439,ETF,Stephanie,AAPL,200,213.58,BUY
1440,Income,Joe,AMZN,100,247.51,BUY
1441,Income,Scott,TSLA,100,123.51,BUY
1442,ETF,Jeremy,TSLA,100,264.41,BUY
1443,ETF,Eric,NVDA,200,186.07,BUY
1444,Growth,Cesar,JPM,500,270.59,BUY
1445,ETF,Donald,MSFT,500,263.05,SELL
1446,Income,Kathleen,MSFT,500,160.78,SELL
1447,Growth,Ashley,JPM,200,259.16,BUY
1448,Growth,Patrick,AAPL,500,246.58,BUY
1449,Income,Sarah,MSFT,200,411.45,BUY
1450,ETF,Courtney,MSFT,200,73.96,SELL
1451,Growth,Hunter,JPM,500,427.8,BUY
1452,ETF,Kayla,AAPL,500,71.58,BUY
1453,ETF,Tony,GS,500,147.62,BUY
1454,ETF,Christopher,AMZN,500,336.82,SELL
1455,Income,Alexander,AMZN,100,178.82,SELL
1456,Income,Angela,TSLA,100,436.95,BUY
1457,Growth,Edward,MSFT,500,292.02,SELL
1458,Growth,Sharon,JPM,100,116.46,SELL
1459,Growth,Angela,NVDA,100,95.58,BUY
1460,Growth,Corey,AMZN,100,347.43,BUY
1461,Income,Shannon,AAPL,100,238.44,BUY
1462,Income,Brenda,NVDA,200,269.45,SELL
1463,Growth,Ashley,AMZN,500,339.84,BUY
1464,Growth,Bonnie,JPM,200,236.33,SELL
1465,ETF,Barbara,MSFT,500,168.49,SELL
1466,Income,Thomas,MSFT,100,281.46,BUY
1467,Income,Sarah,MSFT,200,267.0,BUY
1468,ETF,Jennifer,MSFT,100,148.77,SELL
1469,ETF,Veronica,TSLA,100,342.11,BUY
1470,Income,April,TSLA,200,86.6,BUY
1471,Income,Alan,GS,200,408.07,BUY
1472,Growth,Tom,AAPL,200,348.67,SELL
1473,Growth,Eric,TSLA,200,478.21,SELL
1474,Growth,Aaron,AMZN,500,420.53,SELL
1475,Income,Richard,TSLA,200,414.49,BUY
1476,Growth,Denise,TSLA,200,457.32,SELL
1477,Income,Daniel,MSFT,100,212.89,BUY
1478,Growth,Emily,GS,100,173.77,BUY
1479,Income,Michelle,AMZN,100,422.85,SELL
1480,Income,Carlos,JPM,200,139.65,BUY
1481,Income,Alexander,GS,100,113.6,BUY
1482,Growth,Stephanie,AAPL,200,392.89,SELL
1483,Income,Molly,JPM,500,309.75,BUY
1484,ETF,Christy,MSFT,500,476.49,BUY
1485,Income,Jennifer,NVDA,200,133.09,BUY
1486,Growth,Darlene,AAPL,200,458.86,SELL
1487,Income,Christina,AAPL,200,480.56,BUY
1488,Income,Gene,MSFT,100,239.09,SELL
1489,ETF,Christina,NVDA,100,174.9,SELL
1490,Growth,Tammy,AAPL,200,396.78,SELL
1491,Income,Steven,GS,100,461.29,BUY
1492,Growth,Megan,JPM,100,151.12,BUY
1493,Growth,William,AMZN,500,371.89,BUY
1494,Income,Brittany,JPM,500,418.28,BUY
1495,Income,Brian,AMZN,500,218.39,SELL
1496,ETF,Melissa,JPM,200,361.04,BUY
1497,ETF,Brian,AAPL,200,125.67,SELL
1498,Growth,Jennifer,NVDA,100,222.15,BUY
1499,Growth,Daniel,JPM,200,108.93,BUY
1500,Income,Justin,AAPL,200,195.06,BUY
1501,Income,Susan,NVDA,200,444.17,SELL
1502,Growth,Matthew,AAPL,200,86.84,SELL
1503,Growth,Martha,TSLA,100,443.0,SELL
1504,Growth,Tracy,TSLA,500,477.94,SELL
1505,Growth,Angela,TSLA,200,91.0,BUY
1506,Income,Joseph,AMZN,100,228.67,BUY
1507,ETF,Justin,AMZN,100,306.9,SELL
1508,Growth,Desiree,AAPL,500,337.12,BUY
1509,Income,Jenna,TSLA,200,373.86,SELL
1510,Growth,Alexandria,JPM,500,462.23,SELL
1511,Growth,John,MSFT,100,51.28,BUY
1512,Income,Amber,GS,100,451.03,SELL
1513,Growth,Stacy,AAPL,100,463.71,BUY
1514,Income,Thomas,MSFT,200,310.42,BUY
1515,Growth,Robert,AAPL,100,115.04,BUY
1516,Growth,Jennifer,JPM,200,121.4,SELL
1517,Growth,Thomas,AMZN,100,476.23,BUY
1518,ETF,Juan,TSLA,500,287.54,SELL
1519,Growth,Jessica,JPM,200,485.97,SELL
1520,ETF,Jodi,NVDA,100,232.9,BUY
1521,ETF,Jasmine,TSLA,100,67.22,BUY
1522,Growth,Christopher,AMZN,200,108.26,SELL
1523,Growth,Keith,MSFT,100,163.06,BUY
1524,Growth,Jessica,NVDA,100,59.36,BUY
1525,Income,Janet,MSFT,500,409.18,SELL
1526,Income,Nathan,AAPL,100,117.11,SELL
1527,ETF,Austin,GS,200,354.86,BUY
1528,Growth,Howard,JPM,100,339.83,SELL
1529,ETF,Richard,AMZN,500,235.82,BUY
1530,Growth,Dana,NVDA,500,486.13,BUY
1531,ETF,Justin,AAPL,500,167.68,SELL
1532,Income,Calvin,AAPL,200,274.36,BUY
1533,ETF,Katie,MSFT,500,101.75,BUY
1534,Income,Paige,GS,500,104.52,SELL
1535,ETF,Seth,NVDA,200,120.42,BUY
1536,ETF,Jill,AAPL,100,107.61,BUY
1537,Growth,Christopher,NVDA,100,490.67,BUY
1538,Income,David,AAPL,200,150.16,SELL
1539,ETF,Crystal,AAPL,500,148.94,BUY
1540,ETF,Jesse,JPM,500,86.58,SELL
1541,Income,Yolanda,NVDA,500,51.42,SELL
1542,Growth,Cole,AMZN,200,232.19,SELL
1543,Growth,Eric,JPM,500,430.91,SELL
1544,Income,Kimberly,GS,100,469.33,SELL
1545,Growth,Candice,AMZN,500,143.03,BUY
1546,Growth,Jacqueline,TSLA,100,100.04,SELL
1547,Income,Jay,TSLA,500,224.43,SELL
1548,Income,Jamie,NVDA,500,428.69,SELL
1549,ETF,Brent,NVDA,100,274.76,SELL
1550,Growth,Paula,JPM,500,189.43,BUY
1551,Growth,Robert,AMZN,200,301.26,SELL
1552,Growth,Lauren,TSLA,200,492.94,BUY
1553,ETF,Joseph,JPM,200,302.97,BUY
1554,ETF,George,JPM,500,100.13,SELL
1555,Growth,Mark,NVDA,100,311.21,SELL
1556,Growth,Robert,JPM,100,490.96,BUY
1557,Growth,Shelby,TSLA,100,245.18,SELL
1558,ETF,Ian,AAPL,500,64.83,SELL
1559,ETF,Tonya,AMZN,200,146.99,BUY
1560,Growth,Marcus,JPM,500,334.78,SELL
1561,Growth,Sara,AAPL,200,398.83,SELL
1562,Income,Jesus,MSFT,100,208.59,SELL
1563,ETF,Sarah,AMZN,500,242.39,BUY
1564,Growth,Joseph,NVDA,500,288.21,SELL
1565,Growth,Kristin,JPM,200,332.43,BUY
1566,ETF,Theresa,MSFT,200,304.03,SELL
1567,ETF,Deanna,TSLA,100,471.49,BUY
1568,Income,Larry,JPM,100,280.46,BUY
1569,Growth,Nicole,GS,100,113.39,SELL
1570,Growth,Lisa,JPM,200,143.72,SELL
1571,Growth,Adam,JPM,100,168.23,BUY
1572,ETF,Ryan,AAPL,500,202.63,BUY
1573,ETF,William,JPM,200,458.33,BUY
1574,Income,Nancy,GS,200,348.75,BUY
1575,Income,Anthony,TSLA,200,221.25,SELL
1576,ETF,Adam,AAPL,200,75.64,BUY
1577,Growth,Angela,MSFT,200,146.45,SELL
1578,ETF,Randall,NVDA,500,101.99,BUY
1579,ETF,Melissa,JPM,100,378.5,BUY
1580,ETF,Christopher,AMZN,200,364.45,BUY
1581,ETF,Tiffany,NVDA,500,345.83,BUY
1582,ETF,Kathryn,AMZN,100,247.03,SELL
1583,Growth,Andrew,TSLA,200,303.13,BUY
1584,Growth,Amy,JPM,100,386.07,SELL
1585,Income,Kelly,MSFT,100,386.66,BUY
1586,ETF,Lisa,MSFT,100,89.38,SELL
1587,ETF,Pamela,AMZN,200,264.14,SELL
1588,ETF,Jacob,TSLA,200,115.37,BUY
1589,Income,Amy,MSFT,500,131.52,SELL
1590,Growth,Hector,TSLA,100,75.63,SELL
1591,ETF,John,MSFT,500,394.29,BUY
1592,ETF,Christopher,AMZN,200,116.8,SELL
1593,Income,Penny,TSLA,200,183.73,SELL
1594,ETF,Sharon,AMZN,100,81.7,SELL
1595,Growth,Guy,TSLA,100,481.45,SELL
1596,ETF,Tracey,AMZN,100,471.78,SELL
1597,Growth,Patrick,AMZN,100,110.18,SELL
1598,Income,Jacqueline,AMZN,100,474.14,SELL
1599,Growth,Thomas,TSLA,500,449.32,SELL
1600,ETF,David,NVDA,100,419.8,SELL
1601,Growth,Rodney,AMZN,100,260.63,BUY
1602,Growth,Mark,AMZN,100,95.77,SELL
1603,ETF,William,AMZN,200,210.11,BUY
1604,Income,Michelle,AMZN,500,216.07,SELL
1605,Income,Edward,GS,100,79.62,SELL
1606,ETF,Joseph,JPM,500,263.8,BUY
1607,Income,Joshua,TSLA,500,61.33,BUY
1608,ETF,Mark,AMZN,500,165.52,BUY
1609,ETF,Michael,GS,200,353.6,SELL
1610,ETF,Dawn,GS,200,178.18,SELL
1611,Growth,Travis,MSFT,200,356.48,SELL
1612,Growth,Jocelyn,GS,100,468.66,BUY
1613,Income,Candace,TSLA,100,484.18,SELL
1614,Income,Ryan,JPM,200,292.63,BUY
1615,Income,Anne,JPM,100,491.07,SELL
1616,Growth,Kathy,AAPL,200,281.37,SELL
1617,ETF,Sharon,MSFT,500,416.38,BUY
1618,ETF,Donald,AMZN,500,145.37,BUY
1619,Income,Jessica,MSFT,100,367.9,BUY
1620,Growth,Kimberly,TSLA,200,473.87,SELL
1621,ETF,Tara,NVDA,200,128.43,SELL
1622,Income,Jacob,GS,100,232.96,SELL
1623,ETF,Joanna,AMZN,200,76.4,BUY
1624,ETF,Joy,NVDA,200,122.74,BUY
1625,ETF,Tyler,TSLA,100,409.47,SELL
1626,Income,David,MSFT,200,371.29,SELL
1627,Growth,Colleen,TSLA,100,387.27,BUY
1628,Growth,Maria,GS,100,295.74,SELL
1629,Growth,Gina,JPM,200,495.97,BUY
1630,Income,David,TSLA,200,361.41,SELL
1631,Income,Samuel,MSFT,500,228.2,BUY
1632,Growth,David,AAPL,200,454.16,SELL
1633,Growth,Richard,NVDA,200,301.07,BUY
1634,ETF,Lynn,JPM,100,311.52,SELL
1635,ETF,Michael,NVDA,100,438.08,BUY
1636,ETF,Lauren,AMZN,100,242.37,SELL
1637,Growth,Samuel,JPM,100,346.95,SELL
1638,Growth,Ashley,MSFT,100,365.69,BUY
1639,Growth,Lorraine,AAPL,100,227.66,BUY
1640,Growth,Yolanda,JPM,500,292.67,BUY
1641,Growth,David,TSLA,200,181.08,BUY
1642,Growth,Susan,TSLA,100,386.56,SELL
1643,Growth,Alison,AAPL,100,262.17,SELL
1644,Income,Rebecca,AAPL,500,58.83,BUY
1645,Income,Jeremy,MSFT,500,80.01,SELL
1646,ETF,John,JPM,200,197.44,BUY
1647,Income,Nancy,MSFT,100,165.46,BUY
1648,Growth,Wanda,MSFT,200,101.94,SELL
1649,Income,Megan,AMZN,100,228.35,SELL
1650,Growth,Teresa,NVDA,500,169.86,BUY
1651,ETF,Jonathan,AAPL,500,235.78,BUY
1652,Growth,Dennis,TSLA,200,242.93,SELL
1653,Income,Mary,AMZN,100,188.31,BUY
1654,Income,Tara,TSLA,200,443.9,BUY
1655,Income,Megan,JPM,200,437.18,BUY
1656,Growth,Laura,GS,500,72.5,BUY
1657,ETF,Stephen,TSLA,200,87.19,SELL
1658,ETF,Kristin,JPM,200,248.19,SELL
1659,ETF,Stephanie,GS,100,142.16,BUY
1660,ETF,Kim,MSFT,200,352.16,BUY
1661,Income,Jeffrey,MSFT,100,489.74,SELL
1662,Growth,Denise,AMZN,100,155.3,SELL
1663,ETF,Amanda,GS,200,403.75,BUY
1664,ETF,Anthony,TSLA,500,376.74,BUY
1665,ETF,Rachel,JPM,200,489.36,BUY
1666,Income,Michele,MSFT,100,230.86,BUY
1667,ETF,Michael,AMZN,200,214.57,BUY
1668,Growth,Michael,GS,500,98.43,SELL
1669,Growth,Christine,AAPL,100,96.78,BUY
1670,Growth,Jason,JPM,100,57.6,SELL
1671,ETF,Gerald,JPM,100,102.07,BUY
1672,Income,Joseph,GS,500,335.88,BUY
1673,Income,Megan,TSLA,100,374.74,SELL
1674,Income,Victoria,JPM,100,129.3,BUY
1675,Growth,Christine,MSFT,200,248.16,SELL
1676,Income,Debbie,NVDA,100,81.34,BUY
1677,Income,Oscar,MSFT,100,466.26,BUY
1678,ETF,Juan,GS,100,465.72,SELL
1679,ETF,Daniel,JPM,500,214.42,SELL
1680,Income,Christopher,NVDA,200,489.15,BUY
1681,Growth,Donna,NVDA,500,286.04,BUY
1682,ETF,Christine,MSFT,200,303.9,SELL
1683,ETF,Megan,NVDA,100,453.13,BUY
1684,Growth,Savannah,GS,100,229.24,BUY
1685,Income,Garrett,NVDA,500,176.38,BUY
1686,Income,Tammie,AAPL,500,293.17,SELL
1687,Growth,Kenneth,TSLA,200,480.16,BUY
1688,Growth,Lisa,TSLA,500,400.11,BUY
1689,Growth,Joanna,NVDA,100,357.33,SELL
1690,Income,Angela,JPM,500,335.21,SELL
1691,Income,Christopher,GS,200,147.74,SELL
1692,Income,Devin,AAPL,100,106.85,SELL
1693,Growth,Sean,JPM,200,497.77,BUY
1694,Income,Tammy,AAPL,100,458.02,BUY
1695,Growth,Michelle,JPM,200,396.2,BUY
1696,ETF,Stacey,AAPL,200,358.24,SELL
1697,ETF,Marcus,AMZN,200,471.92,BUY
1698,Income,Ryan,JPM,100,267.79,BUY
1699,Growth,Tim,GS,500,290.91,BUY
1700,Growth,Tracy,TSLA,500,435.66,SELL
1701,ETF,Katie,AMZN,200,468.5,SELL
1702,Growth,Annette,JPM,200,169.04,SELL
1703,ETF,Debra,AAPL,500,490.67,SELL
1704,ETF,Dakota,MSFT,500,53.01,BUY
1705,Income,Hannah,NVDA,500,239.58,BUY
1706,Income,Rachel,NVDA,100,81.01,SELL
1707,ETF,Erica,MSFT,200,132.02,SELL
1708,Income,John,AAPL,500,90.83,SELL
1709,ETF,Sierra,TSLA,100,346.37,SELL
1710,ETF,Ashley,AAPL,500,320.79,BUY
1711,Income,Barbara,MSFT,100,389.01,BUY
1712,ETF,Michael,GS,200,310.77,BUY
1713,Growth,Robert,AAPL,200,208.77,BUY
1714,Income,Nancy,AAPL,100,453.93,SELL
1715,ETF,Gabrielle,GS,200,425.94,SELL
1716,Income,Tracie,AMZN,200,108.38,BUY
1717,Income,Amanda,JPM,100,416.8,BUY
1718,ETF,Vincent,AMZN,500,374.81,BUY
1719,Growth,Lisa,NVDA,500,334.13,BUY
1720,Growth,Kristi,AAPL,200,108.77,BUY
1721,Income,James,NVDA,100,359.45,SELL
1722,Growth,Jessica,AMZN,500,413.27,BUY
1723,Income,Gregory,TSLA,200,484.88,SELL
1724,Growth,Sarah,JPM,200,217.39,SELL
1725,ETF,Joshua,TSLA,200,427.97,BUY
1726,Growth,Amber,AMZN,100,497.19,BUY
1727,Income,William,AAPL,200,448.4,SELL
1728,Income,Michelle,AAPL,500,486.76,BUY
1729,Income,Alec,AAPL,200,343.11,SELL
1730,Income,Rebecca,TSLA,500,468.03,BUY
1731,Growth,Deborah,TSLA,100,262.78,SELL
1732,Income,Gail,AMZN,500,488.74,SELL
1733,Growth,Lisa,JPM,200,168.45,SELL
1734,Income,Alicia,GS,100,358.02,SELL
1735,Income,Carolyn,GS,500,379.35,SELL
1736,Growth,Caitlin,MSFT,100,343.59,SELL
1737,Income,Gerald,NVDA,500,241.8,SELL
1738,ETF,Robert,AMZN,100,320.29,BUY
1739,Income,Joseph,AMZN,100,266.31,BUY
1740,ETF,Thomas,NVDA,200,269.82,SELL
1741,ETF,Christina,MSFT,500,72.35,SELL
1742,Growth,Henry,JPM,200,288.01,SELL
1743,ETF,Tiffany,MSFT,200,180.07,SELL
1744,ETF,Timothy,NVDA,100,302.61,BUY
1745,ETF,Jennifer,GS,500,180.81,BUY
1746,Growth,Ray,TSLA,500,269.37,BUY
1747,ETF,Michelle,JPM,200,143.19,BUY
1748,ETF,Lawrence,TSLA,100,363.02,BUY
1749,Income,Kevin,MSFT,100,358.47,BUY
1750,Income,Curtis,MSFT,100,160.53,BUY
1751,Income,Sarah,TSLA,200,246.78,BUY
1752,ETF,Kelly,AAPL,200,179.25,SELL
1753,ETF,Troy,AAPL,200,466.28,BUY
1754,Income,Brian,TSLA,100,179.75,SELL
1755,Growth,Charles,GS,500,417.08,SELL
1756,ETF,Barbara,AMZN,500,216.32,SELL
1757,ETF,Denise,MSFT,100,153.54,SELL
1758,Income,Haley,JPM,100,480.91,BUY
1759,Growth,Courtney,GS,200,372.94,SELL
1760,Growth,Darlene,MSFT,100,374.19,BUY
1761,Income,Jacqueline,AAPL,500,248.86,SELL
1762,ETF,Kevin,AMZN,200,291.72,SELL
1763,Income,Amy,MSFT,100,379.84,SELL
1764,ETF,Donald,AMZN,100,352.07,SELL
1765,ETF,Aaron,AMZN,100,472.7,SELL
1766,Income,Daniel,AMZN,500,150.32,BUY
1767,Income,Christopher,TSLA,200,296.35,SELL
1768,ETF,Jonathon,AAPL,100,270.86,BUY
1769,Growth,Jennifer,JPM,500,340.2,BUY
1770,ETF,Carol,MSFT,500,206.82,BUY
1771,Growth,Ryan,NVDA,500,207.85,SELL
1772,ETF,Charles,JPM,100,173.77,SELL
1773,Income,Billy,TSLA,100,235.95,SELL
1774,Growth,Michelle,GS,500,173.43,SELL
1775,Income,Toni,NVDA,500,427.35,BUY
1776,ETF,Christina,TSLA,100,296.99,SELL
1777,Income,Alyssa,MSFT,500,130.97,SELL
1778,Growth,Melanie,AAPL,500,316.07,BUY
1779,Growth,Curtis,TSLA,200,305.78,BUY
1780,Growth,Whitney,GS,500,242.02,BUY
1781,Income,Veronica,TSLA,500,369.19,BUY
1782,ETF,James,TSLA,200,50.89,BUY
1783,Income,James,GS,200,124.76,BUY
1784,Growth,Steven,JPM,200,181.15,SELL
1785,ETF,James,NVDA,500,242.96,BUY
1786,Income,Mike,JPM,500,244.97,BUY
1787,ETF,Brandon,MSFT,500,487.22,SELL
1788,Income,Thomas,AAPL,100,318.53,SELL
1789,Income,Joanna,JPM,200,346.58,BUY
1790,Growth,Troy,AMZN,100,430.44,SELL
1791,Income,Hannah,MSFT,200,288.88,SELL
1792,Growth,Katie,AMZN,500,244.13,SELL
1793,ETF,William,AAPL,500,369.97,SELL
1794,Income,Beth,AMZN,200,137.47,BUY
1795,ETF,Lisa,GS,100,233.86,SELL
1796,Growth,Matthew,JPM,100,246.87,BUY
1797,ETF,Madeline,NVDA,500,344.4,BUY
1798,ETF,Larry,MSFT,500,158.11,BUY
1799,Income,Terry,NVDA,500,392.23,SELL
1800,ETF,Kristie,AMZN,100,293.6,SELL
1801,ETF,Sheila,GS,500,396.85,SELL
1802,Income,Wendy,AMZN,200,118.22,BUY
1803,Growth,Chase,AMZN,500,493.82,BUY
1804,Growth,Michael,NVDA,100,418.14,SELL
1805,Income,Willie,NVDA,100,172.64,BUY
1806,Income,Robert,TSLA,200,448.03,BUY
1807,ETF,Michael,JPM,100,131.32,BUY
1808,Income,Robert,AAPL,100,373.92,BUY
1809,Growth,Heather,AAPL,100,352.39,BUY
1810,ETF,Megan,JPM,500,50.44,SELL
1811,ETF,Lisa,GS,200,105.4,SELL
1812,Growth,April,AAPL,200,494.52,BUY
1813,Income,Joanna,TSLA,500,172.05,SELL
1814,ETF,Charles,MSFT,200,324.8,SELL
1815,Growth,David,MSFT,500,433.37,SELL
1816,Growth,Taylor,JPM,500,448.59,SELL
1817,Income,Joseph,TSLA,200,101.19,SELL
1818,ETF,Shannon,NVDA,100,204.1,SELL
1819,ETF,Juan,JPM,100,371.17,SELL
1820,ETF,Rebecca,AAPL,100,83.72,BUY
1821,Growth,Diana,JPM,200,113.65,BUY
1822,Growth,Mary,AMZN,500,53.88,SELL
1823,Growth,Melissa,GS,200,408.54,BUY
1824,Income,Lisa,MSFT,200,382.91,SELL
1825,ETF,Christopher,MSFT,200,330.79,BUY
1826,ETF,Michael,AMZN,500,282.26,BUY
1827,Growth,Alexis,GS,200,436.05,BUY
1828,ETF,Megan,MSFT,500,390.3,SELL
1829,Income,Christopher,TSLA,500,461.14,SELL
1830,ETF,Sarah,NVDA,200,220.13,SELL
1831,ETF,Nicole,MSFT,500,125.26,SELL
1832,Growth,Vicki,GS,200,466.49,BUY
1833,ETF,Bryan,NVDA,100,279.79,BUY
1834,Growth,Jacob,AAPL,100,476.18,SELL
1835,ETF,Gregory,GS,200,143.96,BUY
1836,ETF,Tracey,JPM,500,195.06,SELL
1837,ETF,Debbie,AMZN,100,340.63,BUY
1838,Growth,Jonathan,TSLA,100,212.21,SELL
1839,ETF,Amber,JPM,200,344.5,BUY
1840,ETF,John,GS,200,190.71,BUY
1841,Income,Andrea,AMZN,100,398.95,BUY
1842,Growth,Ryan,TSLA,100,238.28,BUY
1843,ETF,Sandra,JPM,200,212.76,SELL
1844,ETF,Alexandra,NVDA,500,100.42,SELL
1845,Income,Paul,TSLA,100,293.61,BUY
1846,Growth,Marie,NVDA,200,309.6,SELL
1847,Growth,Dawn,MSFT,200,385.54,SELL
1848,Growth,Anthony,MSFT,200,454.2,SELL
1849,Growth,Shane,AMZN,500,301.54,BUY
1850,Growth,Crystal,AMZN,100,334.36,SELL
1851,Income,Matthew,GS,100,473.06,SELL
1852,ETF,Kathleen,JPM,500,331.7,SELL
1853,ETF,Eric,NVDA,100,447.05,SELL
1854,Income,Dennis,AMZN,500,127.61,BUY
1855,ETF,Steven,GS,200,325.08,BUY
1856,Growth,Kendra,TSLA,200,100.19,BUY
1857,Income,Kevin,TSLA,100,360.64,SELL
1858,ETF,Christina,GS,200,188.43,BUY
1859,Income,Kenneth,JPM,100,447.82,SELL
1860,Growth,Anthony,MSFT,500,417.26,SELL
1861,ETF,Anna,TSLA,500,389.46,BUY
1862,ETF,Jamie,MSFT,500,296.72,SELL
1863,ETF,Karen,TSLA,500,260.33,SELL
1864,Growth,Stephen,AAPL,500,414.95,BUY
1865,Growth,Brenda,TSLA,200,423.88,BUY
1866,Income,Maria,NVDA,100,269.54,SELL
1867,ETF,James,AAPL,500,320.79,BUY
1868,Income,David,MSFT,500,419.34,BUY
1869,Income,Daniel,NVDA,200,217.27,BUY
1870,Growth,Russell,TSLA,100,463.43,SELL
1871,ETF,Justin,AMZN,500,484.37,SELL
1872,ETF,Steven,GS,500,360.7,BUY
1873,Growth,Katherine,AMZN,200,130.03,SELL
1874,Growth,Kelly,AAPL,500,272.82,BUY
1875,Growth,Thomas,JPM,200,285.48,SELL
1876,Income,Nicole,AAPL,100,409.01,BUY
1877,Income,Kellie,AMZN,200,324.33,BUY
1878,ETF,Ronald,AAPL,100,189.47,BUY
1879,Income,Jessica,AAPL,200,138.65,SELL
1880,Growth,Mark,JPM,500,350.54,SELL
1881,Income,Tiffany,TSLA,100,61.64,BUY
1882,Growth,Jessica,NVDA,200,200.83,SELL
1883,Growth,Melissa,GS,200,310.54,BUY
1884,Growth,Sara,NVDA,100,231.63,SELL
1885,Income,Dean,MSFT,100,280.84,SELL
1886,ETF,Joshua,TSLA,500,247.54,BUY
1887,Income,Shannon,NVDA,100,419.3,SELL
1888,Income,Stacey,JPM,500,383.85,SELL
1889,Income,David,GS,200,390.99,BUY
1890,Growth,Roger,AAPL,500,239.48,BUY
1891,ETF,Brian,TSLA,500,495.8,SELL
1892,Growth,Tim,MSFT,500,246.09,SELL
1893,Growth,Laura,NVDA,200,323.74,SELL
1894,Income,Ryan,GS,100,107.61,SELL
1895,ETF,Zachary,AMZN,100,97.16,SELL
1896,Growth,Taylor,MSFT,500,402.6,SELL
1897,Growth,Caitlin,TSLA,500,494.35,SELL
1898,ETF,Alex,GS,500,99.61,SELL
1899,Income,Lucas,NVDA,100,104.29,BUY
1900,Growth,Jennifer,AAPL,100,237.97,BUY
1901,ETF,Sarah,AMZN,200,51.08,BUY
1902,ETF,Dana,AMZN,100,439.75,BUY
1903,ETF,Kimberly,TSLA,500,87.94,BUY
1904,Growth,William,NVDA,500,303.85,SELL
1905,ETF,Carla,NVDA,500,226.42,SELL
1906,Growth,Morgan,NVDA,100,268.68,SELL
1907,Income,Autumn,TSLA,500,273.75,BUY
1908,Growth,Matthew,NVDA,200,458.51,BUY
1909,ETF,Laura,TSLA,200,97.4,SELL
1910,Income,Diane,GS,100,464.48,SELL
1911,ETF,Julia,JPM,500,191.65,SELL
1912,Growth,Daniel,TSLA,200,164.91,BUY
1913,ETF,Christopher,TSLA,200,139.69,BUY
1914,Income,Jonathan,AAPL,200,95.28,SELL
1915,ETF,Jerry,AMZN,200,321.03,BUY
1916,ETF,Carly,TSLA,500,156.61,SELL
1917,ETF,Victor,GS,100,152.76,SELL
1918,ETF,Deborah,TSLA,500,115.54,BUY
1919,ETF,Timothy,AAPL,100,96.2,SELL
1920,ETF,Nicole,JPM,500,336.83,BUY
1921,ETF,Vincent,NVDA,200,374.49,SELL
1922,Growth,Crystal,NVDA,100,300.09,BUY
1923,Income,Julian,MSFT,200,295.17,SELL
1924,ETF,Cristina,NVDA,500,271.65,SELL
1925,Income,Peter,JPM,200,404.56,BUY
1926,Income,Carol,MSFT,200,66.6,BUY
1927,Growth,Mariah,NVDA,200,135.43,BUY
1928,ETF,Robin,TSLA,500,72.56,BUY
1929,Income,Roger,TSLA,100,493.77,BUY
1930,Growth,Tyler,JPM,100,430.27,BUY
1931,Growth,Cynthia,JPM,500,98.4,BUY
1932,Growth,Michael,AAPL,200,69.81,SELL
1933,Growth,Tara,GS,500,357.56,SELL
1934,Income,Rachel,AMZN,500,212.34,BUY
1935,Income,April,JPM,500,434.61,SELL
1936,Growth,Lindsay,NVDA,100,350.18,SELL
1937,Growth,Jonathan,NVDA,500,298.53,BUY
1938,Growth,Ashley,MSFT,200,163.73,BUY
1939,Growth,Laura,AMZN,100,122.03,BUY
1940,Growth,Kimberly,NVDA,100,492.8,SELL
1941,Growth,Mike,AMZN,100,140.16,SELL
1942,Income,Mike,TSLA,100,344.88,SELL
1943,Income,James,NVDA,500,64.71,BUY
1944,ETF,James,AMZN,200,112.25,SELL
1945,Growth,Andrew,NVDA,200,481.78,SELL
1946,Growth,Kelly,AAPL,100,297.23,SELL
1947,ETF,Marissa,NVDA,100,413.95,SELL
1948,ETF,Louis,MSFT,100,348.39,BUY
1949,ETF,Cassandra,GS,500,197.21,BUY
1950,ETF,Juan,AAPL,200,496.91,BUY
1951,ETF,Caleb,TSLA,500,131.39,BUY
1952,Growth,Stanley,TSLA,500,371.8,BUY
1953,Income,William,GS,200,398.21,BUY
1954,ETF,Tamara,AAPL,200,197.23,BUY
1955,ETF,Dale,AMZN,500,410.76,BUY
1956,Income,Joshua,MSFT,200,326.31,SELL
1957,Income,Victor,NVDA,100,53.24,SELL
1958,Income,William,JPM,100,118.08,SELL
1959,Income,Timothy,NVDA,200,429.89,BUY
1960,Income,Katrina,GS,200,492.04,BUY
1961,ETF,Zachary,TSLA,500,480.08,BUY
1962,Income,Katie,NVDA,200,469.1,BUY
1963,Growth,John,TSLA,200,325.92,BUY
1964,ETF,Mary,AAPL,500,79.32,SELL
1965,Income,Michelle,GS,500,71.96,BUY
1966,Growth,Abigail,MSFT,200,199.85,BUY
1967,Growth,Laurie,NVDA,500,65.04,SELL
1968,Growth,Dana,TSLA,100,283.13,SELL
1969,Income,Taylor,NVDA,200,175.03,BUY
1970,ETF,Haley,TSLA,500,348.47,SELL
1971,Growth,Benjamin,MSFT,100,363.29,BUY
1972,Income,Brian,NVDA,500,167.55,BUY
1973,Income,Erin,NVDA,200,95.4,BUY
1974,Growth,Christina,NVDA,100,302.5,BUY
1975,ETF,Stacey,AMZN,500,450.05,BUY
1976,ETF,Debra,AAPL,200,492.28,SELL
1977,ETF,Sharon,MSFT,100,445.5,SELL
1978,ETF,Kevin,AMZN,100,279.28,BUY
1979,Growth,Karen,GS,100,197.7,SELL
1980,ETF,Amanda,AMZN,100,476.39,BUY
1981,Income,Janice,GS,100,449.02,BUY
1982,ETF,Frank,GS,500,246.75,BUY
1983,Growth,Rickey,AMZN,500,394.6,SELL
1984,ETF,Jacob,AMZN,200,216.62,SELL
1985,ETF,Paige,JPM,100,490.81,BUY
1986,Income,Robert,AMZN,100,82.44,SELL
1987,ETF,Andrew,NVDA,100,220.18,BUY
1988,Growth,Christopher,TSLA,500,138.62,SELL
1989,Income,Arthur,AAPL,200,113.57,SELL
1990,Income,Elizabeth,AMZN,200,57.71,BUY
1991,Income,Christopher,MSFT,200,54.35,SELL
1992,Income,Melissa,AAPL,500,51.67,BUY
1993,Growth,Mark,AAPL,500,471.36,SELL
1994,Growth,Christopher,JPM,100,306.31,SELL
1995,Growth,Tina,AAPL,200,372.5,SELL
1996,Growth,Thomas,JPM,200,341.24,BUY
1997,Growth,Pamela,NVDA,500,408.1,BUY
1998,Income,Jane,GS,200,221.77,BUY
1999,Income,Gabriel,GS,200,220.61,BUY
2000,Income,Logan,AAPL,200,107.81,BUY
2001,ETF,George,GS,100,383.24,SELL
2002,Growth,Henry,AMZN,200,207.67,BUY
2003,ETF,Jacqueline,NVDA,500,441.83,SELL
2004,ETF,Jennifer,NVDA,100,55.68,BUY
2005,Income,Heidi,TSLA,500,333.21,BUY
2006,Income,Daniel,MSFT,200,475.28,BUY
2007,Income,Gina,NVDA,100,252.78,BUY
2008,Income,Monica,NVDA,200,121.37,BUY
2009,Income,Ryan,NVDA,200,468.62,SELL
2010,Growth,Kenneth,TSLA,200,413.57,SELL
2011,Growth,Robert,MSFT,100,253.13,SELL
2012,Income,Gabriela,TSLA,100,332.51,BUY
2013,Income,Jennifer,AAPL,200,283.94,BUY
2014,ETF,Robert,NVDA,100,261.95,BUY
2015,ETF,Amber,GS,200,163.92,BUY
2016,Growth,James,TSLA,100,312.51,SELL
2017,Income,Ashley,AAPL,100,366.75,BUY
2018,Growth,Kenneth,TSLA,100,306.25,SELL
2019,ETF,Tristan,JPM,200,399.65,SELL
2020,ETF,Thomas,AAPL,100,92.66,BUY
2021,Growth,Barbara,JPM,500,413.09,SELL
2022,Growth,Cynthia,AMZN,100,117.58,SELL
2023,Income,Kristina,AMZN,500,405.6,SELL
2024,Income,Cody,MSFT,500,245.49,BUY
2025,Income,Makayla,AAPL,200,90.89,BUY
2026,Income,Savannah,AAPL,500,57.8,BUY
2027,Growth,Derrick,AMZN,200,413.98,BUY
2028,Growth,Danielle,JPM,200,179.63,SELL
2029,Growth,Alexandra,GS,100,135.82,SELL
2030,Growth,Joshua,JPM,500,286.73,BUY
2031,ETF,Corey,JPM,100,373.04,BUY
2032,Growth,Shirley,GS,200,371.63,BUY
2033,Growth,Eric,TSLA,500,445.51,SELL
2034,ETF,Rebecca,NVDA,500,114.99,SELL
2035,ETF,Heather,GS,100,265.89,SELL
2036,ETF,Stephen,MSFT,500,345.71,SELL
2037,Growth,Kathy,JPM,500,476.64,BUY
2038,ETF,Joshua,MSFT,100,71.12,SELL
2039,Growth,Travis,AAPL,200,267.09,BUY
2040,Income,Richard,AMZN,500,393.27,SELL
2041,Growth,Andrew,AMZN,100,307.64,SELL
2042,Income,Heidi,MSFT,200,200.84,BUY
2043,Income,Amber,MSFT,500,494.52,SELL
2044,ETF,Ricardo,GS,100,334.59,SELL
2045,Income,Michael,AAPL,100,433.19,SELL
2046,ETF,Wayne,AAPL,100,89.81,SELL
2047,Income,Tracy,GS,500,361.69,SELL
2048,ETF,Brandon,GS,100,138.25,BUY
2049,Growth,Michael,JPM,100,276.92,BUY
2050,Income,Richard,TSLA,100,105.56,BUY
2051,ETF,Catherine,MSFT,500,451.23,SELL
2052,Income,Tracey,MSFT,100,326.19,BUY
2053,Growth,Edward,AMZN,100,234.21,SELL
2054,Growth,Emma,AMZN,500,254.84,SELL
2055,Income,Shawn,GS,500,101.46,BUY
2056,Income,Terri,AAPL,500,128.79,SELL
2057,Growth,Tyler,NVDA,500,408.01,BUY
2058,ETF,Christopher,MSFT,500,97.09,SELL
2059,Income,Mark,AMZN,100,164.4,SELL
2060,Growth,Aaron,AAPL,100,473.26,SELL
2061,Income,Jessica,AAPL,500,77.54,BUY
2062,Growth,Jason,MSFT,100,95.63,SELL
2063,Growth,Christine,MSFT,200,323.28,BUY
2064,Growth,Robin,TSLA,100,119.66,BUY
2065,Income,Samantha,GS,500,227.84,SELL
2066,Growth,Shelby,MSFT,200,170.37,BUY
2067,ETF,Sean,MSFT,100,131.14,SELL
2068,Income,Elizabeth,JPM,500,146.59,BUY
2069,Growth,Patricia,TSLA,200,258.59,BUY
2070,Growth,Janice,NVDA,500,345.07,SELL
2071,Income,Jennifer,TSLA,100,63.22,BUY
2072,Income,Antonio,AAPL,500,100.98,BUY
2073,ETF,Rachel,TSLA,200,292.05,SELL
2074,ETF,Maria,AAPL,200,153.19,SELL
2075,ETF,Robert,GS,200,405.18,SELL
2076,Growth,Michael,TSLA,200,261.24,SELL
2077,ETF,Bryan,AAPL,200,378.38,BUY
2078,Growth,Cheryl,AMZN,100,432.14,SELL
2079,Income,Karen,GS,500,321.13,SELL
2080,Growth,Angela,AAPL,200,447.65,BUY
2081,ETF,Joann,JPM,100,429.6,BUY
2082,Growth,Steven,JPM,100,233.5,BUY
2083,Growth,Michael,NVDA,100,492.53,BUY
2084,Growth,James,JPM,100,120.34,SELL
2085,ETF,Robyn,AAPL,200,272.1,BUY
2086,Income,Jacob,AAPL,100,217.03,SELL
2087,ETF,Amber,MSFT,100,472.83,SELL
2088,Income,Tonya,AAPL,100,156.02,SELL
2089,Income,Christopher,MSFT,500,406.5,SELL
2090,Growth,Kathy,TSLA,500,252.32,BUY
2091,ETF,Justin,AMZN,100,441.6,BUY
2092,Growth,Lindsey,MSFT,200,446.4,BUY
2093,Income,Robin,JPM,500,264.92,SELL
2094,Growth,Christopher,MSFT,100,375.96,BUY
2095,ETF,John,JPM,100,170.41,SELL
2096,Income,Christopher,MSFT,200,225.51,BUY
2097,Income,Jennifer,AAPL,500,88.71,SELL
2098,Growth,Richard,JPM,100,120.65,SELL
2099,ETF,Kyle,NVDA,100,91.36,BUY
2100,Income,David,AAPL,500,288.04,SELL
2101,Income,Michael,TSLA,200,357.02,SELL
2102,Growth,Richard,MSFT,100,386.13,SELL
2103,Growth,Laura,MSFT,200,288.94,BUY
2104,Growth,Jacob,MSFT,100,165.59,BUY
2105,ETF,Steven,JPM,100,427.79,SELL
2106,Growth,Yolanda,AMZN,500,107.0,BUY
2107,Income,Kevin,NVDA,500,54.09,SELL
2108,Growth,Morgan,GS,500,431.07,SELL
2109,Growth,Gregory,TSLA,200,335.51,BUY
2110,Growth,George,MSFT,200,315.71,SELL
2111,Income,Mitchell,JPM,500,332.63,SELL
2112,Growth,Ashley,TSLA,200,187.55,BUY
2113,ETF,Ryan,MSFT,500,94.64,SELL
2114,Income,Roger,MSFT,200,400.99,BUY
2115,ETF,Manuel,GS,500,443.81,BUY
2116,Growth,Jennifer,TSLA,100,162.69,BUY
2117,Income,Lauren,NVDA,500,469.51,BUY
2118,Income,Louis,MSFT,500,246.53,BUY
2119,Growth,Daniel,AMZN,100,312.93,SELL
2120,ETF,Michael,AMZN,200,327.9,BUY
2121,ETF,Jacqueline,NVDA,500,424.6,SELL
2122,Growth,Ronald,TSLA,100,54.76,BUY
2123,ETF,Stacie,MSFT,100,170.8,SELL
2124,Income,William,NVDA,100,300.27,SELL
2125,ETF,Michael,TSLA,100,450.96,SELL
2126,Income,Riley,TSLA,200,203.02,SELL
2127,Growth,Victoria,NVDA,500,377.61,BUY
2128,Growth,Brian,TSLA,500,182.0,BUY
2129,ETF,Jason,MSFT,100,185.53,BUY
2130,ETF,Alexandria,JPM,100,358.79,SELL
2131,Growth,Timothy,AMZN,500,309.41,BUY
2132,ETF,Michelle,TSLA,200,199.12,SELL
2133,ETF,Caitlin,GS,500,348.12,BUY
2134,ETF,Andrew,GS,500,303.99,SELL
2135,Growth,Michael,NVDA,200,300.0,BUY
2136,ETF,Tiffany,MSFT,100,80.74,SELL
2137,Income,Jennifer,GS,100,79.78,SELL
2138,ETF,Michael,GS,100,101.96,BUY
2139,Growth,Rachel,AMZN,100,201.35,SELL
2140,Income,Kelly,GS,500,134.9,SELL
2141,Income,Kristopher,GS,100,316.28,BUY
2142,Income,Russell,AAPL,200,73.66,SELL
2143,Growth,Cynthia,MSFT,500,472.51,BUY
2144,ETF,Lance,NVDA,500,50.11,BUY
2145,Growth,Megan,TSLA,200,367.03,BUY
2146,Growth,Eric,GS,100,496.82,SELL
2147,Growth,Virginia,MSFT,500,476.64,BUY
2148,Income,Katrina,JPM,100,141.03,BUY
2149,Growth,Cheryl,MSFT,100,135.63,BUY
2150,ETF,Melissa,NVDA,200,106.94,SELL
2151,Income,Kenneth,MSFT,500,209.84,BUY
2152,Growth,Melinda,MSFT,200,91.5,BUY
2153,Growth,Kristopher,TSLA,500,305.72,SELL
2154,Income,Joseph,MSFT,500,162.54,BUY
2155,Growth,Abigail,JPM,200,221.17,BUY
2156,Income,Douglas,TSLA,100,451.87,BUY
2157,Income,Michele,TSLA,500,221.56,SELL
2158,ETF,Danielle,MSFT,100,275.76,SELL
2159,Income,Jose,AMZN,500,118.09,BUY
2160,ETF,Larry,JPM,100,279.22,BUY
2161,Income,Rachael,AMZN,500,462.22,SELL
2162,Growth,Anthony,GS,100,166.8,BUY
2163,ETF,John,TSLA,100,135.82,BUY
2164,Growth,Tammy,AAPL,200,267.57,BUY
2165,Growth,Pamela,NVDA,200,416.06,SELL
2166,Income,Eric,TSLA,500,311.2,SELL
2167,Income,Justin,TSLA,500,412.78,SELL
2168,Growth,Pamela,JPM,500,261.85,SELL
2169,ETF,Mitchell,NVDA,200,100.49,SELL
2170,ETF,Edward,JPM,200,160.98,BUY
2171,Income,Kevin,AMZN,500,478.18,BUY
2172,Income,Justin,JPM,200,484.75,SELL
2173,Income,David,AAPL,500,402.25,SELL
2174,Income,Mark,GS,200,112.14,SELL
2175,Growth,Wesley,TSLA,500,177.56,SELL
2176,Income,David,MSFT,100,281.01,BUY
2177,Income,Brandon,NVDA,200,381.1,SELL
2178,Growth,Jessica,JPM,500,427.04,BUY
2179,Growth,Rebecca,JPM,100,140.32,SELL
2180,Growth,Michael,AMZN,200,429.49,SELL
2181,Growth,Angela,TSLA,200,481.85,BUY
2182,Growth,Michele,AAPL,200,404.13,BUY
2183,Income,Ricky,JPM,500,301.43,SELL
2184,Growth,Michael,JPM,100,382.6,SELL
2185,ETF,David,NVDA,100,394.02,BUY
2186,ETF,Lee,NVDA,100,451.58,BUY
2187,Growth,William,GS,200,494.29,SELL
2188,Growth,Phillip,MSFT,200,483.11,BUY
2189,ETF,Anthony,NVDA,200,464.53,BUY
2190,ETF,Jeffrey,NVDA,100,349.88,BUY
2191,ETF,Lisa,NVDA,100,54.29,SELL
2192,Growth,Jonathan,AAPL,500,477.44,SELL
2193,ETF,Daniel,AAPL,500,106.07,SELL
2194,Growth,Matthew,AMZN,100,452.68,BUY
2195,Income,Michelle,NVDA,500,397.55,SELL
2196,Growth,Alexander,MSFT,200,93.28,SELL
2197,Growth,Shelly,JPM,200,392.63,SELL
2198,Income,Lisa,TSLA,500,450.7,SELL
2199,Growth,Cheryl,JPM,500,56.17,BUY
2200,ETF,Emily,JPM,200,388.76,SELL
2201,ETF,Adam,JPM,500,107.29,BUY
2202,ETF,Maria,GS,100,353.54,BUY
2203,Growth,Preston,TSLA,100,50.56,BUY
2204,Income,Jonathan,MSFT,100,447.45,BUY
2205,ETF,Kelly,GS,200,459.61,BUY
2206,Growth,Jacob,NVDA,200,271.82,SELL
2207,Growth,Jason,MSFT,500,494.91,SELL
2208,Income,Miranda,AAPL,500,409.6,BUY
2209,Income,Ethan,AAPL,200,345.19,BUY
2210,Growth,Brittany,AAPL,100,141.69,BUY
2211,ETF,Michelle,NVDA,200,274.99,SELL
2212,Income,Andrew,NVDA,100,125.52,SELL
2213,ETF,Benjamin,TSLA,500,250.57,SELL
2214,ETF,Taylor,NVDA,500,284.9,SELL
2215,Income,Rebecca,NVDA,500,394.35,BUY
2216,Income,Michael,TSLA,500,66.72,SELL
2217,ETF,Ann,GS,500,477.59,BUY
2218,Growth,Robert,TSLA,200,370.24,SELL
2219,Income,Joel,NVDA,500,239.64,SELL
2220,Income,Melissa,AAPL,200,95.28,SELL
2221,Growth,Sherry,GS,200,102.33,SELL
2222,Income,Steven,AAPL,100,495.93,BUY
2223,Growth,Andrew,MSFT,200,230.51,SELL
2224,Growth,Joseph,JPM,500,466.03,BUY
2225,ETF,Heather,JPM,500,283.11,SELL
2226,ETF,Carol,AAPL,100,315.27,BUY
2227,Income,Jennifer,AAPL,100,280.53,BUY
2228,Growth,Morgan,GS,200,119.02,BUY
2229,ETF,Adam,NVDA,100,486.47,SELL
2230,Growth,Phillip,MSFT,100,105.21,SELL
2231,ETF,Kevin,NVDA,100,126.88,BUY
2232,Growth,Mark,NVDA,500,475.38,SELL
2233,ETF,Stephanie,GS,100,242.54,BUY
2234,Income,Natasha,JPM,200,203.23,BUY
2235,ETF,Jenny,NVDA,500,94.9,BUY
2236,Growth,Steven,AMZN,100,406.5,SELL
2237,Income,Anna,TSLA,500,239.28,SELL
2238,Growth,Antonio,TSLA,200,51.97,BUY
2239,ETF,Tiffany,MSFT,200,214.07,BUY
2240,Growth,Julia,TSLA,100,366.13,SELL
2241,ETF,Darin,AMZN,100,116.9,SELL
2242,Growth,Kirk,AMZN,100,328.71,SELL
2243,Growth,Heather,AAPL,200,345.48,SELL
2244,Growth,Michael,JPM,500,228.09,SELL
2245,Income,Ashley,NVDA,200,51.83,BUY
2246,Growth,Matthew,JPM,500,328.56,BUY
2247,Income,Randall,GS,200,159.75,BUY
2248,Growth,Monique,AMZN,500,150.64,BUY
2249,Growth,Lisa,AAPL,500,128.03,SELL
2250,Growth,Tammy,AMZN,200,173.83,BUY
2251,ETF,Derek,AMZN,200,381.56,SELL
2252,ETF,Ashley,GS,500,126.05,SELL
2253,Growth,Rhonda,AAPL,100,473.06,SELL
2254,Growth,Stephanie,JPM,500,202.94,SELL
2255,ETF,Manuel,GS,500,281.36,BUY
2256,Growth,Andrew,GS,200,161.01,BUY
2257,Growth,Chelsey,MSFT,500,99.08,BUY
2258,Income,Brittany,TSLA,500,170.44,SELL
2259,Growth,David,AMZN,200,195.13,BUY
2260,Income,Marissa,AMZN,200,484.88,SELL
2261,Growth,Debra,JPM,500,136.16,BUY
2262,Income,Michael,AMZN,500,431.26,BUY
2263,Growth,James,AMZN,500,270.7,BUY
2264,Growth,Mariah,AAPL,200,281.17,BUY
2265,Growth,Janet,GS,500,235.65,BUY
2266,Growth,Barbara,MSFT,500,140.67,BUY
2267,Growth,Dylan,AAPL,200,401.54,SELL
2268,Growth,Amber,JPM,200,166.54,SELL
2269,Growth,Natasha,MSFT,200,142.39,SELL
2270,Income,Patrick,TSLA,500,229.6,BUY
2271,ETF,Kenneth,AMZN,500,487.45,SELL
2272,Income,Kathy,MSFT,100,346.61,SELL
2273,ETF,Valerie,NVDA,100,241.33,BUY
2274,ETF,Norma,TSLA,200,269.1,SELL
2275,ETF,Lisa,GS,500,323.92,SELL
2276,Growth,Stephen,TSLA,100,290.65,SELL
2277,ETF,David,AAPL,500,302.39,SELL
2278,Income,Sandra,GS,500,114.47,BUY
2279,Growth,Craig,JPM,500,85.91,SELL
2280,Growth,Joseph,TSLA,100,426.62,BUY
2281,Growth,Kathleen,AMZN,100,311.5,BUY
2282,Income,Kathy,AAPL,500,384.12,BUY
2283,Income,Jeremy,NVDA,500,194.29,SELL
2284,Income,Susan,MSFT,100,86.95,BUY
2285,Income,Donald,MSFT,500,118.74,BUY
2286,Growth,Jack,AMZN,200,448.44,BUY
2287,Income,Rebekah,JPM,500,415.78,SELL
2288,ETF,Brenda,MSFT,200,463.17,SELL
2289,Growth,Drew,TSLA,200,234.43,SELL
2290,ETF,Tina,NVDA,200,414.32,BUY
2291,ETF,Thomas,NVDA,200,476.8,BUY
2292,Growth,Crystal,GS,500,204.26,SELL
2293,ETF,William,AMZN,500,329.89,SELL
2294,ETF,Amy,NVDA,500,333.71,SELL
2295,ETF,Jonathan,JPM,200,283.06,BUY
2296,ETF,Matthew,JPM,100,85.67,SELL
2297,ETF,Nicole,AAPL,100,301.89,SELL
2298,Growth,Roberta,MSFT,500,400.82,BUY
2299,Income,Douglas,TSLA,200,203.58,SELL
2300,ETF,David,NVDA,200,482.01,BUY
2301,Income,Sara,MSFT,500,97.34,BUY
2302,Income,Karen,NVDA,500,158.57,SELL
2303,ETF,Lisa,AMZN,500,422.98,BUY
2304,Income,Taylor,AMZN,500,71.91,BUY
2305,ETF,Misty,MSFT,200,53.7,BUY
2306,Growth,Lisa,JPM,500,417.11,SELL
2307,Growth,Michael,AMZN,200,283.85,SELL
2308,ETF,Alyssa,GS,500,119.57,BUY
2309,ETF,Annette,MSFT,200,288.26,BUY
2310,ETF,Natasha,MSFT,200,229.33,BUY
2311,Income,Jasmine,AAPL,100,113.94,BUY
2312,Growth,Bill,NVDA,200,432.99,BUY
2313,ETF,Bethany,TSLA,200,457.14,SELL
2314,Income,Jason,GS,100,73.24,BUY
2315,Growth,Tracy,AAPL,500,180.97,BUY
2316,ETF,Melanie,AAPL,200,286.4,SELL
2317,Growth,Eric,AAPL,500,117.43,BUY
2318,Growth,Norma,MSFT,200,210.38,SELL
2319,Income,Charles,AMZN,500,98.38,BUY
2320,Income,Dwayne,TSLA,500,394.39,SELL
2321,Income,Erika,MSFT,200,375.09,SELL
2322,Income,Mary,TSLA,200,342.95,BUY
2323,ETF,Amy,TSLA,500,287.65,SELL
2324,Growth,Michelle,NVDA,100,57.9,SELL
2325,Growth,Leonard,AAPL,200,477.2,BUY
2326,Growth,Ryan,JPM,200,427.87,BUY
2327,Income,Allison,GS,200,133.58,SELL
2328,Income,Bobby,AMZN,100,79.64,BUY
2329,ETF,Adam,GS,200,118.84,SELL
2330,ETF,Jeffery,AAPL,500,453.23,SELL
2331,ETF,Walter,TSLA,100,394.09,SELL
2332,ETF,Mary,AAPL,100,141.63,BUY
2333,ETF,Scott,TSLA,100,417.02,SELL
2334,Growth,Robin,JPM,500,478.81,BUY
2335,ETF,Christopher,AMZN,200,393.99,BUY
2336,Income,Stephen,AAPL,100,393.99,BUY
2337,Income,Bobby,MSFT,500,130.92,BUY
2338,ETF,Robert,GS,100,151.02,BUY
2339,Growth,Jeffrey,AMZN,100,178.14,SELL
2340,Income,Hannah,TSLA,500,215.1,SELL
2341,Growth,Cynthia,MSFT,200,63.89,SELL
2342,Income,Emily,AMZN,500,252.86,SELL
2343,ETF,Mary,AAPL,500,256.11,BUY
2344,Income,Anthony,JPM,500,241.53,BUY
2345,ETF,Caitlin,AAPL,500,427.27,BUY
2346,Income,Casey,MSFT,100,235.68,BUY
2347,Growth,Angela,AAPL,200,238.23,SELL
2348,Income,Jeff,JPM,200,167.09,BUY
2349,ETF,Brandon,JPM,200,247.36,BUY
2350,ETF,Vincent,AMZN,500,299.15,BUY
2351,ETF,David,AAPL,500,164.42,BUY
2352,ETF,Travis,JPM,200,472.59,SELL
2353,Growth,Nicole,NVDA,500,203.94,BUY
2354,ETF,Sarah,MSFT,200,153.01,SELL
2355,Income,Suzanne,MSFT,200,464.8,SELL
2356,Growth,Lisa,TSLA,500,452.85,BUY
2357,Income,Christine,MSFT,500,209.79,SELL
2358,Growth,Terri,JPM,200,197.15,SELL
2359,Income,Douglas,TSLA,500,332.7,BUY
2360,Income,Jennifer,NVDA,200,435.2,SELL
2361,ETF,Lisa,AMZN,200,359.35,BUY
2362,ETF,Cynthia,NVDA,500,376.07,SELL
2363,ETF,Sabrina,JPM,500,90.6,SELL
2364,Growth,Terri,MSFT,500,227.89,BUY
2365,Income,Thomas,JPM,200,91.26,BUY
2366,ETF,Christopher,AAPL,200,122.35,SELL
2367,Income,Aaron,GS,200,365.74,SELL
2368,Income,Ashley,AMZN,500,318.9,SELL
2369,Income,Katrina,NVDA,500,439.84,SELL
2370,Income,Christine,AMZN,500,205.67,SELL
2371,ETF,Christopher,TSLA,100,424.75,BUY
2372,Growth,William,AMZN,500,453.2,BUY
2373,Growth,Tracy,AAPL,100,86.17,SELL
2374,ETF,Joyce,AAPL,100,264.63,BUY
2375,Growth,Trevor,TSLA,100,83.82,BUY
2376,Income,Samuel,MSFT,100,320.75,BUY
2377,ETF,Alicia,AAPL,200,254.69,SELL
2378,ETF,Holly,AAPL,500,251.9,BUY
2379,Growth,Gabriela,NVDA,100,260.81,SELL
2380,ETF,Lindsay,NVDA,500,281.41,SELL
2381,Growth,William,AMZN,500,207.25,BUY
2382,Growth,Steven,NVDA,200,355.5,SELL
2383,Growth,Billy,MSFT,200,235.47,SELL
2384,Growth,Mark,GS,100,313.18,BUY
2385,Growth,Christina,AMZN,200,302.92,BUY
2386,ETF,Teresa,GS,500,90.33,SELL
2387,ETF,Angie,MSFT,100,73.31,SELL
2388,Growth,Pamela,AMZN,500,128.21,BUY
2389,ETF,Joshua,TSLA,100,289.71,BUY
2390,Income,Peter,AMZN,500,346.34,SELL
2391,ETF,Kelly,TSLA,100,184.21,SELL
2392,ETF,Donna,AMZN,200,78.65,SELL
2393,ETF,Heidi,NVDA,500,337.93,SELL
2394,Growth,David,NVDA,200,265.96,BUY
2395,ETF,Leslie,AMZN,100,135.61,BUY
2396,ETF,Franklin,JPM,200,406.08,BUY
2397,ETF,Paul,TSLA,500,256.05,SELL
2398,Income,Taylor,TSLA,200,268.32,SELL
2399,Income,Joshua,AAPL,500,77.26,SELL
2400,Growth,Jodi,TSLA,500,208.34,BUY
2401,Growth,Lisa,GS,200,83.17,BUY
2402,Growth,Alicia,GS,500,497.8,BUY
2403,Growth,Timothy,JPM,100,262.2,BUY
2404,ETF,Joseph,MSFT,100,454.22,SELL
2405,Growth,Andrew,TSLA,200,273.71,SELL
2406,Income,Mary,GS,100,217.37,BUY
2407,Growth,Katie,JPM,100,396.03,BUY
2408,ETF,Kristina,NVDA,500,454.34,BUY
2409,Income,Randy,TSLA,200,368.44,SELL
2410,Income,Sarah,NVDA,100,378.98,BUY
2411,Income,Francis,JPM,200,111.68,BUY
2412,Growth,Charlene,JPM,500,424.54,SELL
2413,ETF,Angelica,GS,100,379.66,SELL
2414,ETF,Jacob,AAPL,500,132.7,BUY
2415,Income,Heather,TSLA,200,497.0,SELL
2416,Growth,Jennifer,MSFT,500,451.99,SELL
2417,Growth,Bradley,GS,100,323.4,BUY
2418,ETF,Maurice,TSLA,200,271.85,SELL
2419,Growth,Arthur,JPM,200,280.23,BUY
2420,Income,Jim,JPM,200,406.48,BUY
2421,Income,Daniel,AMZN,500,75.13,SELL
2422,ETF,Margaret,TSLA,100,490.74,SELL
2423,Growth,Mark,JPM,500,341.64,SELL
2424,Growth,Roger,JPM,500,192.93,BUY
2425,Income,Jose,AAPL,100,349.89,BUY
2426,Income,Brian,GS,200,137.01,BUY
2427,ETF,Raymond,AMZN,200,283.54,SELL
2428,ETF,Crystal,GS,500,257.75,BUY
2429,ETF,Carrie,TSLA,200,489.1,SELL
2430,Income,Dana,NVDA,100,89.83,SELL
2431,Growth,Christopher,GS,200,499.15,SELL
2432,Growth,Christopher,JPM,100,265.84,SELL
2433,ETF,Thomas,NVDA,200,473.87,SELL
2434,Growth,Heather,AAPL,100,189.76,SELL
2435,Income,Jeffrey,GS,500,99.06,SELL
2436,ETF,Dawn,GS,500,432.58,BUY
2437,ETF,Cody,MSFT,100,163.72,SELL
2438,Growth,Alicia,MSFT,200,87.74,SELL
2439,ETF,Steven,JPM,500,470.33,SELL
2440,Income,Stephen,AMZN,100,134.16,BUY
2441,ETF,Steven,AAPL,500,289.86,BUY
2442,Income,Annette,AMZN,200,263.16,BUY
2443,Income,Amy,AMZN,200,136.68,BUY
2444,ETF,Elizabeth,TSLA,200,369.73,SELL
2445,ETF,Diana,AMZN,500,208.86,SELL
2446,ETF,Kathleen,MSFT,100,459.75,BUY
2447,Income,Jeffrey,AAPL,100,83.22,BUY
2448,ETF,Adriana,JPM,100,373.97,SELL
2449,ETF,Sharon,MSFT,200,477.18,BUY
2450,ETF,Haley,MSFT,500,68.05,BUY
2451,ETF,Janice,AAPL,500,373.64,BUY
2452,Growth,Jessica,AAPL,500,476.68,BUY
2453,Growth,Jonathan,NVDA,500,99.46,BUY
2454,Growth,Hannah,NVDA,200,196.67,BUY
2455,Growth,Troy,NVDA,200,207.48,BUY
2456,Income,Savannah,MSFT,100,358.3,SELL
2457,Income,Nathan,GS,100,420.86,BUY
2458,Growth,Kathleen,NVDA,200,207.42,SELL
2459,Growth,Kayla,AMZN,100,66.61,SELL
2460,ETF,Danielle,TSLA,200,334.04,SELL
2461,Income,Emily,JPM,500,306.56,SELL
2462,Income,Michelle,AAPL,500,372.45,BUY
2463,Growth,John,AMZN,200,404.18,BUY
2464,Income,Jaime,NVDA,100,337.24,BUY
2465,Growth,Megan,JPM,200,339.2,SELL
2466,ETF,Benjamin,AAPL,100,190.15,BUY
2467,ETF,Monique,NVDA,500,99.62,SELL
2468,ETF,Amy,MSFT,200,91.01,BUY
2469,Growth,Jennifer,JPM,100,273.65,BUY
2470,Income,Stacy,AMZN,100,325.76,BUY
2471,ETF,Kelsey,AAPL,100,405.27,SELL
2472,ETF,Michael,AMZN,200,195.23,BUY
2473,ETF,Jennifer,MSFT,100,261.2,BUY
2474,ETF,Mandy,JPM,100,378.61,SELL
2475,ETF,Jennifer,AMZN,200,269.96,BUY
2476,Income,Janice,AMZN,100,220.67,SELL
2477,Income,Natasha,MSFT,500,457.54,BUY
2478,ETF,Christopher,JPM,200,167.32,BUY
2479,Growth,Rita,MSFT,100,190.82,BUY
2480,Income,Wendy,NVDA,100,327.01,BUY
2481,ETF,Michelle,NVDA,200,226.44,BUY
2482,ETF,Angela,JPM,500,243.06,BUY
2483,Income,Luis,JPM,200,387.74,BUY
2484,Income,Kimberly,GS,100,210.16,BUY
2485,ETF,Stephen,AMZN,200,447.55,BUY
2486,Income,Elizabeth,NVDA,100,177.27,BUY
2487,Growth,Bradley,JPM,100,414.59,BUY
2488,Income,Christopher,MSFT,200,370.45,BUY
2489,ETF,Leah,MSFT,200,488.27,BUY
2490,Growth,Kimberly,TSLA,500,236.18,BUY
2491,Growth,Ruth,TSLA,200,448.2,BUY
2492,Growth,Nathan,NVDA,100,386.16,BUY
2493,Income,Travis,NVDA,100,473.89,SELL
2494,Income,James,MSFT,500,143.44,SELL
2495,Income,Kyle,TSLA,500,90.39,SELL
2496,Income,Timothy,NVDA,200,65.96,BUY
2497,Income,David,MSFT,200,110.62,BUY
2498,ETF,Travis,AMZN,100,243.16,SELL
2499,Income,Hannah,TSLA,100,471.6,BUY
2500,ETF,Erica,AMZN,100,419.78,SELL
2501,Growth,Jeffery,JPM,200,233.71,SELL
2502,Growth,Francis,AMZN,100,327.73,BUY
2503,Income,Ian,MSFT,100,141.08,SELL
2504,Income,Seth,TSLA,200,221.2,BUY
2505,Income,Lisa,AAPL,100,202.39,BUY
2506,Growth,Andrew,NVDA,100,208.6,BUY
2507,ETF,Robert,MSFT,200,368.71,BUY
2508,Growth,Janet,TSLA,100,473.07,SELL
2509,ETF,Nicole,JPM,200,160.16,SELL
2510,ETF,Sarah,MSFT,100,449.25,SELL
2511,Income,Jonathan,TSLA,500,414.23,BUY
2512,Growth,Patricia,MSFT,100,199.04,BUY
2513,Growth,Jean,AMZN,200,305.11,BUY
2514,Income,Laura,JPM,100,492.14,BUY
2515,Income,Heather,AMZN,100,432.49,SELL
2516,Income,Amanda,MSFT,500,232.65,BUY
2517,Income,Christian,JPM,100,239.58,SELL
2518,Income,Amanda,AMZN,100,241.57,SELL
2519,Growth,Jason,NVDA,100,187.22,BUY
2520,ETF,April,AMZN,200,462.91,SELL
2521,ETF,Seth,TSLA,500,270.83,SELL
2522,ETF,Noah,MSFT,500,275.09,BUY
2523,ETF,Stephanie,JPM,100,443.52,SELL
2524,Growth,Evan,JPM,100,77.15,SELL
2525,Growth,Holly,AAPL,500,264.89,SELL
2526,ETF,Barbara,GS,100,303.59,SELL
2527,Income,Nathan,GS,200,205.37,SELL
2528,Income,Mackenzie,GS,500,174.45,BUY
2529,ETF,Keith,AAPL,100,384.73,BUY
2530,ETF,Julie,GS,500,185.39,BUY
2531,ETF,Patrick,MSFT,100,348.75,BUY
2532,ETF,Dennis,GS,200,54.9,BUY
2533,ETF,Edward,AAPL,200,165.34,BUY
2534,Income,Kenneth,TSLA,500,485.7,BUY
2535,Income,Brenda,AAPL,500,384.05,BUY
2536,Growth,Jennifer,AAPL,100,485.08,SELL
2537,Growth,Stuart,AAPL,500,334.09,BUY
2538,Income,Shirley,TSLA,100,283.91,BUY
2539,ETF,Victor,AAPL,200,404.8,SELL
2540,Income,Connie,AAPL,500,314.12,BUY
2541,Income,Bryan,AMZN,500,114.8,BUY
2542,ETF,Jonathon,AAPL,200,437.48,SELL
2543,Growth,Tina,JPM,200,385.65,BUY
2544,ETF,Mark,MSFT,200,465.64,SELL
2545,Growth,Lauren,AAPL,100,97.31,BUY
2546,Growth,Harold,JPM,100,57.39,BUY
2547,ETF,Jeremy,MSFT,500,89.89,BUY
2548,ETF,Tanya,TSLA,200,496.72,SELL
2549,Growth,Brittney,MSFT,200,124.5,BUY
2550,Growth,Amy,GS,100,270.8,BUY
2551,Income,Joseph,NVDA,200,278.45,BUY
2552,ETF,Robin,NVDA,500,318.95,SELL
2553,Growth,Matthew,AMZN,100,124.06,SELL
2554,ETF,Gregory,NVDA,500,68.08,SELL
2555,Growth,Shawn,AMZN,500,299.27,BUY
2556,ETF,Omar,AMZN,500,203.14,BUY
2557,Income,Linda,GS,100,173.75,SELL
2558,ETF,Jason,MSFT,100,318.91,BUY
2559,Income,Alexis,AMZN,100,407.11,SELL
2560,ETF,Kelly,MSFT,500,53.36,SELL
2561,Growth,Brandon,GS,100,471.51,BUY
2562,ETF,Richard,AAPL,500,444.11,SELL
2563,Income,Thomas,NVDA,500,426.51,SELL
2564,Income,Michael,JPM,500,492.13,BUY
2565,Income,Rachel,MSFT,100,448.4,SELL
2566,Growth,Victoria,TSLA,200,362.02,SELL
2567,Income,Christine,GS,500,81.25,BUY
2568,Growth,Erin,GS,200,231.87,SELL
2569,Growth,Kimberly,AAPL,200,438.8,BUY
2570,Growth,Michael,GS,200,331.26,BUY
2571,Growth,Michael,MSFT,100,199.25,SELL
2572,Income,Rhonda,NVDA,100,285.54,BUY
2573,Income,Kimberly,AAPL,100,211.14,SELL
2574,Growth,Gabriela,NVDA,500,424.86,BUY
2575,Income,Diana,JPM,200,64.74,BUY
2576,Income,Elizabeth,TSLA,200,85.51,SELL
2577,Growth,Robert,MSFT,100,146.34,BUY
2578,Income,Jerry,TSLA,200,75.85,SELL
2579,ETF,Evelyn,GS,500,172.23,SELL
2580,ETF,Ashley,MSFT,100,357.17,BUY
2581,ETF,Alexander,AAPL,100,245.28,BUY
2582,ETF,James,AAPL,200,246.02,BUY
2583,Growth,Rebecca,MSFT,500,333.96,SELL
2584,ETF,Claudia,AAPL,500,472.98,BUY
2585,Income,Michael,MSFT,200,481.66,SELL
2586,Growth,John,AAPL,100,406.01,BUY
2587,ETF,Alexander,NVDA,200,223.18,BUY
2588,ETF,Dustin,TSLA,100,69.61,SELL
2589,Growth,Emily,TSLA,200,232.76,BUY
2590,ETF,Sarah,TSLA,100,393.16,SELL
2591,Growth,James,JPM,200,245.74,SELL
2592,ETF,Christopher,AAPL,500,97.3,SELL
2593,ETF,Thomas,TSLA,500,243.29,SELL
2594,Income,Sandra,TSLA,100,153.46,SELL
2595,Growth,Jennifer,GS,500,136.74,SELL
2596,Income,Alice,AMZN,100,348.94,SELL
2597,Income,Christopher,GS,200,327.08,SELL
2598,ETF,David,AMZN,100,308.75,BUY
2599,ETF,Margaret,NVDA,500,259.7,BUY
2600,ETF,Robert,JPM,200,161.89,BUY
2601,ETF,Derek,TSLA,100,455.73,BUY
2602,ETF,Charles,AMZN,500,252.15,BUY
2603,Income,Jean,AMZN,200,497.63,SELL
2604,Growth,Jodi,AMZN,100,262.58,SELL
2605,Growth,Steven,GS,100,169.66,BUY
2606,Growth,Steven,JPM,200,278.88,SELL
2607,Growth,Gary,JPM,200,123.78,BUY
2608,ETF,Jared,AAPL,100,251.92,BUY
2609,Growth,Katherine,AMZN,100,228.1,BUY
2610,Growth,Steven,JPM,100,114.07,BUY
2611,ETF,Jessica,JPM,100,440.87,SELL
2612,Growth,William,AAPL,500,60.56,BUY
2613,ETF,Amanda,MSFT,500,419.97,BUY
2614,Income,Edward,AMZN,200,285.31,BUY
2615,ETF,Kevin,MSFT,500,78.49,SELL
2616,Income,Cameron,JPM,100,164.05,BUY
2617,Growth,Jennifer,MSFT,200,116.7,SELL
2618,ETF,Cynthia,AMZN,500,77.88,SELL
2619,Income,Pam,AAPL,500,343.35,BUY
2620,Income,Gilbert,NVDA,100,428.37,SELL
2621,ETF,Jeffrey,AMZN,200,169.12,BUY
2622,Growth,Colleen,TSLA,100,154.56,BUY
2623,Growth,Adam,TSLA,100,71.64,BUY
2624,Growth,Ashley,JPM,100,461.89,BUY
2625,Growth,Mario,GS,200,80.35,BUY
2626,Income,Jamie,AAPL,500,176.4,BUY
2627,Growth,Stacy,GS,200,354.67,BUY
2628,Growth,Jessica,MSFT,200,73.71,SELL
2629,Income,Tracy,NVDA,200,216.49,BUY
2630,Income,Lauren,GS,200,369.42,BUY
2631,Income,Michael,TSLA,100,290.14,BUY
2632,Growth,Kelly,GS,500,302.84,BUY
2633,ETF,Kenneth,MSFT,200,347.82,SELL
2634,Income,Zachary,NVDA,200,291.48,BUY
2635,ETF,Alicia,AMZN,500,214.17,SELL
2636,Growth,Kelly,AAPL,200,91.91,BUY
2637,Growth,Anthony,NVDA,500,268.04,SELL
2638,Growth,Elizabeth,TSLA,200,454.73,SELL
2639,Growth,Karina,MSFT,500,105.85,BUY
2640,ETF,Jessica,AAPL,500,290.63,BUY
2641,Growth,Jeffrey,AMZN,500,95.46,SELL
2642,Growth,Justin,AMZN,200,478.97,BUY
2643,Income,Deborah,GS,100,75.86,BUY
2644,ETF,Keith,NVDA,200,242.03,BUY
2645,Growth,Candice,MSFT,200,315.79,BUY
2646,ETF,Robin,AAPL,100,461.73,BUY
2647,ETF,Samantha,AMZN,200,447.28,BUY
2648,Growth,Dennis,JPM,500,438.7,BUY
2649,ETF,Bryan,AAPL,500,329.71,BUY
2650,Growth,Stacy,GS,100,56.89,SELL
2651,Income,Janice,TSLA,100,326.86,BUY
2652,Income,Angela,GS,200,461.71,SELL
2653,Income,Robert,AAPL,100,215.29,BUY
2654,Growth,Anthony,GS,500,233.13,BUY
2655,Growth,Alexander,GS,200,341.18,SELL
2656,Income,Mario,MSFT,500,97.89,SELL
2657,Income,Nicole,AAPL,100,253.75,BUY
2658,ETF,David,AAPL,200,83.99,SELL
2659,ETF,Tracy,NVDA,200,421.63,BUY
2660,ETF,Kristi,AMZN,100,407.31,SELL
2661,Income,Eric,MSFT,500,395.87,SELL
2662,ETF,Jamie,MSFT,100,256.14,SELL
2663,Growth,Tonya,NVDA,100,51.51,BUY
2664,ETF,Carmen,GS,200,369.13,BUY
2665,Growth,Jodi,AAPL,200,328.66,BUY
2666,Growth,Thomas,MSFT,100,385.49,SELL
2667,Income,Julia,AMZN,500,496.74,SELL
2668,ETF,Melissa,GS,500,399.08,BUY
2669,ETF,Peter,GS,100,347.95,SELL
2670,Income,Ronald,GS,200,71.23,BUY
2671,ETF,Megan,TSLA,200,86.68,BUY
2672,Income,Brandon,NVDA,100,488.01,SELL
2673,ETF,Jennifer,JPM,500,128.36,BUY
2674,Growth,Julie,NVDA,200,408.25,BUY
2675,ETF,Kenneth,AAPL,500,334.9,BUY
2676,Income,Amy,MSFT,500,494.6,BUY
2677,ETF,Bethany,TSLA,200,477.01,BUY
2678,Income,Erin,NVDA,200,186.6,BUY
2679,ETF,John,AMZN,200,204.67,SELL
2680,Income,Michele,AMZN,500,187.76,SELL
2681,ETF,Zachary,GS,200,451.93,SELL
2682,Growth,Tonya,GS,100,244.11,SELL
2683,Income,Ryan,NVDA,500,150.33,SELL
2684,ETF,Kimberly,TSLA,200,55.81,BUY
2685,ETF,Denise,JPM,100,180.43,SELL
2686,ETF,Dustin,TSLA,200,383.89,SELL
2687,Growth,Amy,TSLA,200,442.03,SELL
2688,ETF,Joseph,JPM,100,461.07,SELL
2689,Income,Jonathan,JPM,500,303.67,BUY
2690,ETF,Jennifer,AMZN,100,176.87,SELL
2691,ETF,Eric,AAPL,200,415.32,SELL
2692,Growth,William,AMZN,100,191.94,SELL
2693,Growth,Alexis,JPM,500,74.96,SELL
2694,Income,Kathy,MSFT,100,361.01,BUY
2695,Income,Angela,JPM,100,234.4,SELL
2696,Growth,Ralph,NVDA,200,306.79,BUY
2697,ETF,Deborah,JPM,500,335.53,BUY
2698,ETF,William,AMZN,200,337.77,SELL
2699,Income,Wanda,TSLA,100,120.97,SELL
2700,ETF,George,AAPL,100,480.96,BUY
2701,Income,Matthew,JPM,500,169.56,SELL
2702,Income,Brandon,AMZN,100,296.92,SELL
2703,Growth,Jennifer,MSFT,200,248.11,SELL
2704,Growth,Eddie,GS,500,382.56,SELL
2705,Growth,Mackenzie,AAPL,100,293.56,BUY
2706,ETF,Anthony,TSLA,100,381.23,SELL
2707,Income,Mary,JPM,200,125.09,BUY
2708,Growth,Kimberly,AAPL,200,320.29,SELL
2709,Income,Daniel,AMZN,500,102.66,SELL
2710,ETF,Christine,MSFT,200,223.49,SELL
2711,Growth,Emily,GS,100,158.63,SELL
2712,ETF,David,NVDA,500,283.21,BUY
2713,ETF,Richard,TSLA,500,466.23,SELL
2714,ETF,Christopher,JPM,100,491.49,SELL
2715,Income,Amy,TSLA,200,74.05,SELL
2716,Income,Rebecca,MSFT,500,118.44,SELL
2717,Income,Nathan,GS,500,67.87,BUY
2718,ETF,Gilbert,NVDA,500,267.47,SELL
2719,Income,Renee,JPM,100,491.95,BUY
2720,Growth,Jesse,JPM,200,411.27,BUY
2721,ETF,Robert,TSLA,200,305.11,SELL
2722,Growth,Elizabeth,JPM,500,289.64,SELL
2723,Income,Christopher,NVDA,100,251.03,BUY
2724,Growth,Katherine,NVDA,500,182.5,SELL
2725,ETF,Kyle,AMZN,200,398.54,BUY
2726,Income,Catherine,MSFT,100,364.0,SELL
2727,ETF,Michael,JPM,100,314.86,BUY
2728,ETF,Jamie,JPM,200,429.61,BUY
2729,Income,Keith,GS,500,164.91,BUY
2730,Growth,Molly,GS,200,153.38,SELL
2731,Income,Emily,JPM,500,315.73,BUY
2732,Income,Samantha,GS,100,214.47,BUY
2733,Growth,Shannon,AAPL,200,105.03,BUY
2734,ETF,Michelle,NVDA,500,342.04,SELL
2735,Growth,Veronica,TSLA,100,86.01,SELL
2736,ETF,Julie,JPM,500,410.14,BUY
2737,Income,David,NVDA,100,64.13,BUY
2738,Income,Alexander,GS,100,107.8,SELL
2739,Income,James,NVDA,200,369.59,BUY
2740,Income,Diana,MSFT,100,293.33,BUY
2741,Growth,Sheryl,AAPL,200,358.78,SELL
2742,Income,Richard,MSFT,100,287.8,SELL
2743,Income,Dylan,GS,500,274.57,SELL
2744,Income,Heather,NVDA,200,348.73,BUY
2745,Income,Timothy,JPM,100,381.19,SELL
2746,ETF,Jeffrey,MSFT,100,488.48,BUY
2747,Growth,Brett,JPM,100,101.83,BUY
2748,ETF,Scott,NVDA,100,458.49,BUY
2749,Growth,Robert,JPM,500,222.38,SELL
2750,ETF,Jessica,AAPL,100,96.75,BUY
2751,ETF,Thomas,NVDA,200,73.26,SELL
2752,Income,Jessica,AAPL,200,364.31,SELL
2753,Growth,Kimberly,NVDA,100,405.49,BUY
2754,ETF,Kimberly,JPM,200,292.09,BUY
2755,ETF,Jeremy,MSFT,200,205.24,SELL
2756,Income,Bryan,AAPL,200,485.65,BUY
2757,Growth,Darlene,MSFT,200,291.19,BUY
2758,ETF,Kathryn,TSLA,100,366.87,SELL
2759,Income,Grant,NVDA,500,78.87,SELL
2760,Income,Kristin,JPM,200,382.55,BUY
2761,Growth,Megan,NVDA,500,246.77,BUY
2762,Growth,Keith,AAPL,500,121.98,BUY
2763,ETF,Daisy,GS,100,100.15,SELL
2764,ETF,David,JPM,100,461.55,SELL
2765,Income,Ariel,TSLA,100,422.28,BUY
2766,Income,Austin,NVDA,500,135.32,BUY
2767,Income,Sarah,AAPL,100,180.1,BUY
2768,ETF,Cheryl,MSFT,200,101.41,BUY
2769,Growth,Dawn,NVDA,200,430.48,BUY
2770,Growth,Brendan,GS,200,102.99,BUY
2771,ETF,Brittany,AMZN,500,420.6,SELL
2772,Growth,Ashley,NVDA,100,274.9,SELL
2773,ETF,Nathan,TSLA,100,326.07,SELL
2774,Growth,Steve,AAPL,200,228.21,SELL
2775,Growth,Matthew,TSLA,500,494.39,SELL
2776,Income,Melissa,AAPL,100,466.22,SELL
2777,Growth,Leon,GS,100,152.1,BUY
2778,Income,Tina,AAPL,200,55.54,SELL
2779,ETF,Regina,JPM,200,85.22,SELL
2780,Income,Elizabeth,MSFT,100,140.49,BUY
2781,ETF,Mario,NVDA,500,321.75,BUY
2782,Growth,Lorraine,JPM,100,484.59,BUY
2783,Income,Jennifer,AAPL,100,162.58,BUY
2784,Growth,Valerie,MSFT,100,475.81,BUY
2785,ETF,Philip,TSLA,200,223.52,BUY
2786,ETF,Monica,NVDA,200,324.51,BUY
2787,ETF,Paula,MSFT,500,295.97,SELL
2788,ETF,Laura,JPM,200,316.8,BUY
2789,Growth,James,AAPL,500,348.24,BUY
2790,Income,Margaret,GS,100,257.75,SELL
2791,Income,Jeffrey,NVDA,100,363.28,SELL
2792,Income,Alexander,TSLA,200,174.53,BUY
2793,Growth,Nicholas,NVDA,500,390.75,BUY
2794,Income,Jeffrey,NVDA,200,287.13,SELL
2795,Growth,Gary,TSLA,500,299.32,SELL
2796,Growth,Jeanne,AAPL,200,256.16,BUY
2797,Growth,Brandon,MSFT,500,393.45,SELL
2798,Growth,Bryan,TSLA,500,302.0,SELL
2799,Growth,Kathryn,AAPL,100,326.91,SELL
2800,Growth,Tasha,AAPL,100,178.01,BUY
2801,Income,Sheila,TSLA,500,247.43,SELL
2802,ETF,Stephanie,AMZN,200,419.91,SELL
2803,ETF,Laura,GS,500,426.25,BUY
2804,Income,Melissa,NVDA,100,408.92,BUY
2805,ETF,Brittney,AMZN,100,284.7,SELL
2806,Income,Dwayne,AMZN,100,433.41,SELL
2807,Growth,Shannon,NVDA,500,412.48,BUY
2808,ETF,Daniel,GS,200,346.11,BUY
2809,Growth,Paul,MSFT,100,115.03,BUY
2810,Growth,Sara,GS,100,306.72,SELL
2811,Income,Melinda,AAPL,100,238.63,BUY
2812,Growth,Robert,JPM,200,187.55,SELL
2813,Growth,Douglas,NVDA,200,390.16,SELL
2814,ETF,Karen,NVDA,100,444.78,SELL
2815,Income,Stacey,JPM,500,323.97,BUY
2816,Growth,Christine,MSFT,100,379.88,SELL
2817,Income,Barbara,TSLA,100,382.85,BUY
2818,Income,Richard,TSLA,100,152.08,SELL
2819,Growth,Eric,AAPL,200,188.22,BUY
2820,Income,Danielle,NVDA,100,216.13,BUY
2821,ETF,Philip,JPM,100,238.37,BUY
2822,ETF,Deborah,AAPL,200,65.04,SELL
2823,Growth,Joseph,TSLA,100,258.53,SELL
2824,ETF,Pamela,NVDA,200,130.02,SELL
2825,ETF,Jasmine,MSFT,200,167.84,SELL
2826,Growth,Meghan,NVDA,500,151.03,BUY
2827,ETF,Vincent,AAPL,100,378.48,BUY
2828,Growth,Scott,TSLA,200,395.07,BUY
2829,Income,Kevin,JPM,200,383.85,BUY
2830,ETF,Richard,TSLA,100,179.9,SELL
2831,Income,Terri,MSFT,200,313.45,SELL
2832,Growth,Jessica,MSFT,200,492.04,BUY
2833,Income,Karen,GS,100,482.74,SELL
2834,Growth,Heather,TSLA,100,464.77,BUY
2835,ETF,Michelle,AAPL,500,75.14,SELL
2836,ETF,Barbara,AMZN,200,66.31,SELL
2837,Growth,Karen,NVDA,500,135.61,BUY
2838,Growth,Brandi,NVDA,200,484.5,SELL
2839,Growth,Robert,NVDA,100,484.01,BUY
2840,ETF,Kelli,NVDA,500,273.72,SELL
2841,Growth,Robert,GS,100,365.64,SELL
2842,Income,Vanessa,TSLA,200,428.17,BUY
2843,Income,Garrett,TSLA,200,301.5,SELL
2844,ETF,Henry,NVDA,100,458.38,SELL
2845,Growth,Bernard,JPM,100,57.48,SELL
2846,Growth,Andrew,TSLA,100,195.49,BUY
2847,Growth,Barbara,GS,100,201.67,BUY
2848,Growth,Dawn,TSLA,200,224.6,BUY
2849,ETF,Brittany,GS,100,165.18,SELL
2850,Income,Melissa,GS,500,260.31,BUY
2851,Growth,Kristi,TSLA,100,224.02,SELL
2852,Growth,Jeffrey,AAPL,100,441.17,BUY
2853,ETF,Michael,MSFT,200,317.08,SELL
2854,ETF,Corey,MSFT,500,386.49,BUY
2855,Growth,Sarah,TSLA,200,158.54,SELL
2856,Income,Jason,MSFT,500,317.26,BUY
2857,Growth,Travis,MSFT,500,450.82,SELL
2858,ETF,Courtney,GS,500,321.73,BUY
2859,Growth,Erin,AMZN,200,63.31,BUY
2860,Income,Christina,MSFT,100,176.38,BUY
2861,Income,Peter,AAPL,500,408.66,BUY
2862,ETF,Andrew,MSFT,500,183.99,SELL
2863,Growth,Aaron,AMZN,200,185.65,SELL
2864,ETF,Angel,AMZN,500,375.88,SELL
2865,Growth,Jacqueline,GS,100,65.5,BUY
2866,Growth,Jason,GS,100,435.19,BUY
2867,ETF,Randall,AAPL,500,219.55,BUY
2868,Income,Bradley,JPM,200,352.74,BUY
2869,Income,Jacob,GS,500,465.41,SELL
2870,Growth,Kelly,AAPL,100,398.37,SELL
2871,Growth,Victoria,AMZN,200,136.93,BUY
2872,Income,John,JPM,200,215.63,SELL
2873,ETF,Kathleen,TSLA,500,475.45,BUY
2874,ETF,Elizabeth,GS,500,89.62,BUY
2875,Growth,Marie,AAPL,200,319.65,SELL
2876,Growth,Zoe,GS,500,55.97,BUY
2877,Income,Timothy,AMZN,200,160.57,BUY
2878,Income,John,MSFT,100,406.29,BUY
2879,ETF,Robert,AAPL,500,202.4,SELL
2880,ETF,Charles,AMZN,100,329.96,BUY
2881,Income,Steve,JPM,200,241.51,BUY
2882,ETF,Gabrielle,NVDA,500,439.21,BUY
2883,Income,Stephanie,MSFT,200,112.35,BUY
2884,ETF,Cole,AAPL,100,476.53,BUY
2885,ETF,Natalie,GS,200,309.03,BUY
2886,ETF,Ronald,AAPL,100,138.73,SELL
2887,Income,John,AAPL,200,173.92,SELL
2888,Growth,Ashley,NVDA,500,412.11,SELL
2889,Income,Ryan,NVDA,500,212.07,BUY
2890,Income,Charles,MSFT,100,198.91,BUY
2891,Income,Megan,GS,500,308.65,SELL
2892,ETF,Jessica,JPM,500,236.88,BUY
2893,ETF,Cassandra,GS,100,407.53,BUY
2894,Growth,Amber,TSLA,500,368.35,BUY
2895,Growth,Kevin,GS,500,253.25,BUY
2896,Growth,Jessica,AAPL,100,369.84,BUY
2897,Growth,Tracy,JPM,200,238.51,SELL
2898,Growth,Tanya,NVDA,200,441.35,BUY
2899,ETF,Jasmine,JPM,100,243.59,BUY
2900,ETF,Melissa,MSFT,500,476.52,SELL
2901,Growth,Elizabeth,AAPL,500,251.56,BUY
2902,Income,Emily,AMZN,200,190.76,BUY
2903,ETF,Meredith,AMZN,100,52.39,BUY
2904,Growth,Courtney,GS,200,383.84,SELL
2905,Income,Juan,MSFT,200,355.86,BUY
2906,ETF,Matthew,TSLA,100,453.45,BUY
2907,ETF,Michael,AAPL,500,358.0,BUY
2908,ETF,Clayton,JPM,200,104.92,SELL
2909,ETF,Alicia,NVDA,100,417.36,SELL
2910,Growth,Shannon,JPM,200,474.42,BUY
2911,Income,Jacob,JPM,200,131.22,SELL
2912,ETF,Jason,AMZN,200,419.35,BUY
2913,Growth,Austin,JPM,100,261.61,BUY
2914,Income,Marcia,MSFT,100,331.53,SELL
2915,Income,Dawn,JPM,200,366.07,SELL
2916,Income,Calvin,NVDA,100,328.28,BUY
2917,Growth,Jennifer,AAPL,100,418.98,BUY
2918,Income,Daniel,NVDA,100,254.2,BUY
2919,Income,Melissa,MSFT,500,313.4,BUY
2920,ETF,Tracy,JPM,100,455.93,BUY
2921,Growth,Teresa,TSLA,500,104.03,SELL
2922,Growth,Kristin,AAPL,500,336.13,SELL
2923,ETF,Sara,AMZN,200,359.86,BUY
2924,ETF,Chase,GS,500,161.38,SELL
2925,Growth,Julie,AAPL,100,64.48,SELL
2926,ETF,Tanya,MSFT,500,364.29,BUY
2927,Growth,Kristin,TSLA,500,158.0,SELL
2928,Growth,Christopher,JPM,500,187.33,SELL
2929,Income,Olivia,TSLA,500,233.54,BUY
2930,Growth,Erin,GS,200,233.43,BUY
2931,Income,Peter,TSLA,500,240.04,SELL
2932,Growth,Eric,TSLA,100,204.73,BUY
2933,Income,Matthew,GS,100,330.57,SELL
2934,Income,Jesse,JPM,100,264.8,SELL
2935,ETF,Daniel,GS,200,227.97,SELL
2936,ETF,Jessica,TSLA,500,300.81,SELL
2937,Income,Cassidy,NVDA,500,246.07,SELL
2938,Growth,Hannah,GS,200,152.82,BUY
2939,ETF,Virginia,NVDA,100,249.39,BUY
2940,Income,Sarah,NVDA,200,165.89,SELL
2941,Income,Lucas,NVDA,200,428.37,BUY
2942,Growth,Michelle,TSLA,500,291.57,SELL
2943,Income,Kenneth,NVDA,100,135.08,BUY
2944,Income,Jessica,NVDA,200,69.23,BUY
2945,Income,Wesley,JPM,200,360.74,BUY
2946,Income,Eric,TSLA,100,131.0,SELL
2947,ETF,Mercedes,MSFT,200,314.5,BUY
2948,Growth,Christine,GS,100,251.99,SELL
2949,ETF,Scott,JPM,500,105.17,SELL
2950,Income,David,AMZN,500,202.98,SELL
2951,Income,Melissa,MSFT,500,92.96,SELL
2952,ETF,Donald,MSFT,100,289.44,BUY
2953,ETF,Thomas,AMZN,500,213.49,SELL
2954,ETF,Daniel,AMZN,500,166.6,BUY
2955,Growth,Joan,TSLA,500,330.36,SELL
2956,ETF,Anthony,JPM,100,333.49,SELL
2957,ETF,Carol,AMZN,500,58.53,BUY
2958,ETF,Cynthia,NVDA,100,474.31,BUY
2959,Growth,John,MSFT,200,226.57,BUY
2960,ETF,Monica,AAPL,500,92.64,SELL
2961,Growth,Marvin,NVDA,100,137.94,SELL
2962,Growth,Lawrence,JPM,500,488.43,BUY
2963,ETF,Steven,AMZN,100,268.69,BUY
2964,ETF,Joseph,AAPL,200,485.67,BUY
2965,ETF,Richard,MSFT,500,245.87,BUY
2966,Growth,Jamie,JPM,500,400.36,SELL
2967,ETF,Patricia,TSLA,200,221.3,SELL
2968,ETF,Jessica,GS,100,239.05,SELL
2969,Income,Zachary,JPM,200,303.0,BUY
2970,Growth,Garrett,TSLA,100,61.38,BUY
2971,Income,Garrett,MSFT,500,335.08,BUY
2972,ETF,Scott,AAPL,100,65.05,SELL
2973,Income,Laura,AAPL,500,299.14,BUY
2974,Income,Victoria,AAPL,100,172.86,SELL
2975,Income,Lucas,AMZN,500,369.25,SELL
2976,ETF,Elizabeth,AMZN,200,267.11,BUY
2977,Income,Ashley,MSFT,200,82.41,SELL
2978,ETF,Dana,NVDA,500,72.59,SELL
2979,ETF,Hector,TSLA,500,176.27,SELL
2980,Income,Susan,MSFT,200,140.69,BUY
2981,Income,Gloria,AMZN,500,121.55,SELL
2982,Growth,Steven,AMZN,200,116.53,SELL
2983,Income,James,TSLA,500,449.07,SELL
2984,ETF,Paul,GS,200,54.48,BUY
2985,Income,Brianna,TSLA,500,404.48,SELL
2986,Income,George,MSFT,100,334.69,BUY
2987,Income,Tony,NVDA,100,495.75,SELL
2988,ETF,Jennifer,MSFT,100,58.64,SELL
2989,Income,Andrea,AMZN,500,264.01,SELL
2990,Growth,Michael,MSFT,200,456.67,BUY
2991,Growth,Michelle,TSLA,500,185.89,BUY
2992,Growth,Kimberly,AAPL,100,127.99,SELL
2993,Income,Richard,NVDA,500,149.51,BUY
2994,ETF,Kayla,TSLA,500,141.42,BUY
2995,ETF,Kathleen,JPM,100,492.41,BUY
2996,Income,Michelle,JPM,200,267.78,BUY
2997,Growth,Jennifer,NVDA,100,377.88,SELL
2998,Income,Howard,NVDA,200,136.98,SELL
2999,Income,Sandra,AMZN,100,219.27,SELL
3000,Growth,Teresa,MSFT,100,104.77,BUY
3001,Growth,Gregory,TSLA,500,313.3,BUY
3002,Growth,Christopher,NVDA,200,180.49,SELL
3003,ETF,Adrienne,JPM,500,268.02,BUY
3004,Growth,Douglas,MSFT,200,173.79,BUY
3005,ETF,Tracy,JPM,500,422.58,SELL
3006,ETF,Amy,GS,500,58.89,BUY
3007,ETF,Stephanie,AMZN,100,321.95,SELL
3008,Income,Daniel,GS,500,77.11,SELL
3009,Growth,Destiny,JPM,200,463.69,SELL
3010,ETF,David,NVDA,200,154.5,BUY
3011,Income,Stephen,JPM,500,160.47,SELL
3012,Income,Mark,NVDA,200,448.84,BUY
3013,Income,Alexandra,AMZN,200,70.38,SELL
3014,ETF,Allison,AAPL,200,180.1,BUY
3015,Income,John,AAPL,500,223.85,SELL
3016,Growth,Kathryn,MSFT,100,475.66,BUY
3017,Growth,Ruth,TSLA,500,410.73,BUY
3018,ETF,David,TSLA,200,496.36,BUY
3019,Growth,Brett,AAPL,100,292.61,BUY
3020,ETF,Melissa,MSFT,200,498.47,SELL
3021,Income,Timothy,GS,200,400.3,SELL
3022,Growth,Michael,GS,100,56.85,BUY
3023,Growth,Matthew,TSLA,500,85.65,BUY
3024,Income,David,MSFT,200,177.37,SELL
3025,ETF,Matthew,JPM,200,225.7,BUY
3026,ETF,Kimberly,AAPL,500,180.26,SELL
3027,ETF,Eric,TSLA,200,236.17,SELL
3028,Growth,Tyler,TSLA,200,491.48,SELL
3029,ETF,Crystal,TSLA,500,260.89,BUY
3030,ETF,Gabriel,NVDA,200,93.21,SELL
3031,Growth,Norman,JPM,500,384.36,SELL
3032,ETF,Andre,AMZN,200,70.05,BUY
3033,ETF,Matthew,TSLA,100,304.95,BUY
3034,Income,Cassandra,AMZN,500,428.56,BUY
3035,Growth,Suzanne,AMZN,500,462.75,BUY
3036,Income,Jonathon,GS,100,55.94,SELL
3037,Growth,Tracy,TSLA,200,496.99,SELL
3038,Growth,William,AMZN,500,454.25,BUY
3039,ETF,Austin,GS,500,336.22,SELL
3040,Income,Anna,AAPL,100,376.79,SELL
3041,ETF,Regina,MSFT,100,476.63,SELL
3042,Growth,Lisa,TSLA,100,401.0,SELL
3043,ETF,Marcus,JPM,200,79.49,SELL
3044,Growth,Ronald,GS,200,75.53,BUY
3045,ETF,Christian,AMZN,100,297.81,BUY
3046,ETF,Tammy,GS,100,171.47,BUY
3047,ETF,James,NVDA,100,107.38,SELL
3048,Growth,Jessica,AAPL,200,83.54,SELL
3049,Income,Ariel,MSFT,200,409.55,BUY
3050,Income,Brandon,MSFT,500,232.08,BUY
3051,Income,Angela,AMZN,100,71.96,SELL
3052,Growth,Aaron,AMZN,500,187.27,SELL
3053,Income,Jason,TSLA,200,230.49,BUY
3054,Income,Leah,TSLA,100,171.09,SELL
3055,Growth,Jonathan,GS,500,396.9,SELL
3056,Income,Cindy,GS,500,377.09,BUY
3057,ETF,Dana,MSFT,100,374.31,SELL
3058,Growth,Monica,MSFT,100,490.02,SELL
3059,ETF,Sharon,JPM,200,460.42,SELL
3060,ETF,Julie,TSLA,200,116.15,SELL
3061,ETF,Kimberly,MSFT,100,387.56,SELL
3062,Income,Kristen,JPM,500,148.66,SELL
3063,Income,Jeffrey,AAPL,500,52.61,SELL
3064,Growth,Ray,AAPL,100,443.91,SELL
3065,ETF,Greg,AMZN,200,488.99,SELL
3066,Income,Robert,TSLA,200,288.54,SELL
3067,Growth,Richard,NVDA,500,208.46,BUY
3068,Income,Mark,GS,200,54.38,SELL
3069,ETF,Danielle,JPM,500,338.45,SELL
3070,Growth,Dale,NVDA,500,130.23,BUY
3071,Growth,Corey,NVDA,100,277.52,SELL
3072,Income,Jessica,AMZN,200,61.86,SELL
3073,Income,Steven,MSFT,100,198.78,BUY
3074,Growth,Scott,AMZN,100,90.81,BUY
3075,ETF,Mark,NVDA,200,79.76,BUY
3076,Growth,Samantha,AMZN,500,257.39,SELL
3077,Growth,Mitchell,TSLA,100,388.72,BUY
3078,Income,James,TSLA,100,267.05,SELL
3079,ETF,Bradley,MSFT,500,64.47,SELL
3080,Income,Jay,AAPL,200,309.93,SELL
3081,ETF,Adam,JPM,100,477.5,BUY
3082,ETF,Robert,TSLA,100,120.24,BUY
3083,Income,Katherine,MSFT,100,66.25,SELL
3084,Growth,Benjamin,GS,100,304.26,BUY
3085,Income,Kathryn,AMZN,100,469.99,BUY
3086,ETF,Desiree,TSLA,200,179.04,BUY
3087,Growth,Kelly,JPM,200,247.79,BUY
3088,ETF,Anthony,AMZN,200,238.68,BUY
3089,Income,Victoria,JPM,500,455.79,SELL
3090,Income,Darren,JPM,500,362.99,SELL
3091,ETF,James,AAPL,500,405.44,BUY
3092,ETF,Linda,GS,500,246.17,SELL
3093,Income,Gerald,JPM,100,331.01,BUY
3094,Income,Heidi,NVDA,200,207.72,SELL
3095,Income,Angela,AMZN,200,292.28,SELL
3096,Growth,Anthony,TSLA,200,239.63,BUY
3097,Growth,David,TSLA,500,204.51,BUY
3098,ETF,Lori,NVDA,500,130.73,BUY
3099,Growth,Kathryn,NVDA,200,138.47,BUY
3100,Income,Travis,MSFT,500,230.26,BUY
3101,Growth,Philip,AMZN,100,190.53,BUY
3102,Income,Linda,GS,200,412.24,BUY
3103,Growth,Ana,JPM,100,457.55,SELL
3104,Growth,Scott,NVDA,500,203.13,BUY
3105,Income,Monica,MSFT,500,396.91,BUY
3106,Growth,Maria,NVDA,200,404.85,SELL
3107,Growth,Ryan,GS,500,372.84,SELL
3108,Growth,Lisa,MSFT,200,179.77,BUY
3109,ETF,Brian,JPM,500,330.09,BUY
3110,Income,Michael,MSFT,200,354.0,BUY
3111,Growth,Susan,TSLA,100,313.54,BUY
3112,Growth,Linda,JPM,200,250.07,BUY
3113,Income,Paul,AMZN,100,462.86,SELL
3114,Income,Jeffrey,AAPL,200,162.04,BUY
3115,Growth,Paul,AAPL,200,414.16,BUY
3116,ETF,William,GS,500,183.16,SELL
3117,ETF,Brandon,MSFT,100,237.01,BUY
3118,ETF,Bianca,MSFT,500,188.75,BUY
3119,Growth,Rebecca,MSFT,200,146.5,BUY
3120,Income,Patricia,NVDA,200,171.18,SELL
3121,Income,Brandon,AAPL,500,367.8,SELL
3122,Income,Kimberly,TSLA,200,58.48,SELL
3123,Income,Michael,GS,100,334.05,BUY
3124,Growth,Lisa,GS,200,459.36,SELL
3125,Growth,Brandon,AMZN,200,309.31,BUY
3126,Growth,Nicole,JPM,200,477.33,BUY
3127,ETF,Danielle,AAPL,500,499.27,BUY
3128,ETF,Stephanie,NVDA,200,211.17,SELL
3129,Income,Rebecca,GS,100,252.6,SELL
3130,Income,Sherri,AAPL,500,326.42,BUY
3131,Income,Rita,NVDA,200,333.7,BUY
3132,Income,Holly,GS,200,152.39,BUY
3133,ETF,Kimberly,TSLA,100,185.5,SELL
3134,Income,Amanda,GS,200,198.97,SELL
3135,ETF,Brittany,NVDA,100,442.92,BUY
3136,Growth,Derrick,AAPL,500,266.24,BUY
3137,Income,Jessica,AAPL,500,431.99,BUY
3138,Income,Diane,MSFT,200,61.79,BUY
3139,ETF,John,AAPL,200,223.81,SELL
3140,Growth,Amy,TSLA,500,481.95,SELL
3141,Growth,Jacob,GS,100,429.25,BUY
3142,Growth,Erica,JPM,500,363.54,BUY
3143,Income,Andrea,JPM,200,304.49,SELL
3144,ETF,Angela,AMZN,100,454.45,BUY
3145,ETF,Theodore,AMZN,500,154.9,BUY
3146,Growth,Mary,JPM,200,122.22,SELL
3147,Growth,Mariah,JPM,500,93.83,SELL
3148,Income,Emily,JPM,200,221.75,BUY
3149,Income,Daniel,JPM,100,303.81,BUY
3150,ETF,Donna,GS,500,413.08,SELL
3151,Income,Jonathan,AMZN,500,257.85,SELL
3152,ETF,John,AMZN,500,258.01,BUY
3153,Income,Anna,AMZN,100,391.51,SELL
3154,ETF,April,JPM,500,265.1,SELL
3155,Income,Charles,NVDA,200,392.13,BUY
3156,ETF,Sheena,JPM,200,73.28,BUY
3157,ETF,Laura,GS,200,274.04,SELL
3158,Growth,Sophia,TSLA,500,430.36,SELL
3159,Income,Benjamin,AAPL,500,274.63,SELL
3160,ETF,Nathan,MSFT,200,431.75,BUY
3161,Income,David,MSFT,100,485.25,BUY
3162,ETF,Linda,GS,200,174.62,SELL
3163,Income,Dawn,AAPL,200,475.75,SELL
3164,Growth,Angelica,MSFT,200,109.68,SELL
3165,ETF,Amber,AAPL,100,160.68,SELL
3166,ETF,Valerie,AAPL,500,430.22,SELL
3167,Growth,Steven,NVDA,100,357.98,SELL
3168,Income,Rebecca,GS,200,355.91,SELL
3169,ETF,Thomas,GS,500,247.98,SELL
3170,ETF,Donna,AAPL,100,281.35,SELL
3171,Growth,Michael,JPM,100,463.17,BUY
3172,Growth,Kathleen,AMZN,200,406.71,BUY
3173,Income,Donna,GS,100,416.77,SELL
3174,Income,Johnny,NVDA,200,107.24,SELL
3175,Growth,Jason,GS,100,327.45,SELL
3176,ETF,Crystal,MSFT,100,201.79,SELL
3177,Growth,James,JPM,200,198.5,BUY
3178,Growth,Sheri,AMZN,200,345.13,SELL
3179,Growth,Peter,NVDA,500,267.87,SELL
3180,Growth,Christopher,MSFT,200,247.76,BUY
3181,Growth,Jason,TSLA,100,459.68,SELL
3182,Income,Amy,NVDA,100,182.97,SELL
3183,Income,Carrie,TSLA,500,187.95,BUY
3184,ETF,Christina,NVDA,500,233.25,SELL
3185,ETF,Holly,NVDA,200,112.42,BUY
3186,Income,Jeffrey,AAPL,100,258.59,BUY
3187,Growth,Derek,AMZN,200,94.24,BUY
3188,ETF,Julie,MSFT,500,127.78,SELL
3189,Growth,Kayla,TSLA,200,168.63,BUY
3190,Growth,Gregory,NVDA,200,52.86,SELL
3191,Growth,Michael,JPM,200,197.64,BUY
3192,Income,Angelica,MSFT,500,290.64,SELL
3193,Growth,Lynn,MSFT,500,119.21,SELL
3194,ETF,Jeffrey,GS,100,266.43,BUY
3195,Growth,Danielle,TSLA,500,201.85,BUY
3196,Growth,Jillian,MSFT,100,249.07,BUY
3197,ETF,Rhonda,AAPL,500,403.21,SELL
3198,Growth,Jaime,AAPL,500,227.31,BUY
3199,ETF,Marcus,AAPL,100,409.7,BUY
3200,Income,Phillip,NVDA,200,181.01,SELL
3201,Income,Rebecca,MSFT,100,463.87,SELL
3202,ETF,Kathryn,JPM,100,452.18,BUY
3203,Income,Bianca,NVDA,100,68.31,SELL
3204,Growth,Evan,AMZN,200,405.15,BUY
3205,ETF,Dominique,NVDA,500,102.82,SELL
3206,Income,Anna,GS,100,450.2,SELL
3207,Growth,Kristen,MSFT,100,218.95,SELL
3208,ETF,Amy,AAPL,500,152.51,BUY
3209,ETF,Joseph,NVDA,500,388.25,SELL
3210,Income,Matthew,TSLA,200,299.25,SELL
3211,ETF,Robert,JPM,100,342.62,BUY
3212,ETF,Crystal,TSLA,200,428.24,BUY
3213,ETF,Sarah,AMZN,500,428.04,BUY
3214,Income,Victoria,AAPL,500,118.63,BUY
3215,Growth,David,MSFT,100,340.06,BUY
3216,Growth,Helen,NVDA,100,50.26,SELL
3217,Growth,John,AAPL,100,347.48,BUY
3218,Growth,Jennifer,JPM,200,296.63,SELL
3219,Growth,Tom,TSLA,500,170.22,SELL
3220,Income,Gina,TSLA,200,481.07,BUY
3221,Growth,Alexis,NVDA,500,174.69,SELL
3222,ETF,Lori,AAPL,200,237.48,BUY
3223,ETF,Karl,GS,100,95.47,SELL
3224,Growth,Maria,TSLA,200,340.8,SELL
3225,Growth,Carlos,TSLA,200,444.98,BUY
3226,Growth,Molly,AMZN,200,57.58,BUY
3227,Income,Amy,TSLA,500,63.04,SELL
3228,Income,Bradley,JPM,200,194.89,BUY
3229,Growth,Leah,JPM,500,117.0,SELL
3230,Income,Andrew,TSLA,200,484.93,SELL
3231,ETF,Alexis,AMZN,500,293.73,BUY
3232,Income,James,MSFT,100,391.32,BUY
3233,Income,Robert,NVDA,100,244.46,BUY
3234,ETF,David,AAPL,100,103.32,BUY
3235,ETF,Kristina,TSLA,100,313.64,SELL
3236,Growth,Joseph,JPM,200,387.46,SELL
3237,Income,Bethany,TSLA,100,64.68,SELL
3238,Growth,Michael,AAPL,500,402.06,BUY
3239,ETF,Thomas,AAPL,500,253.23,BUY
3240,Growth,Christopher,JPM,500,203.68,SELL
3241,Growth,Anthony,TSLA,500,58.36,BUY
3242,Income,Ashley,MSFT,500,262.41,SELL
3243,ETF,Brenda,GS,500,127.52,SELL
3244,ETF,Valerie,TSLA,500,385.21,SELL
3245,Growth,William,JPM,500,438.63,SELL
3246,ETF,Ashley,MSFT,500,192.85,SELL
3247,ETF,Denise,MSFT,100,496.22,BUY
3248,ETF,Stephanie,JPM,100,311.98,BUY
3249,Income,Laura,AMZN,200,336.41,SELL
3250,ETF,Sandra,NVDA,100,471.69,SELL
3251,ETF,Francisco,JPM,100,279.5,BUY
3252,Income,David,AMZN,200,384.49,SELL
3253,ETF,Stephen,TSLA,200,120.68,BUY
3254,ETF,Jeffrey,MSFT,100,312.59,BUY
3255,ETF,Justin,MSFT,200,143.14,SELL
3256,ETF,Megan,NVDA,500,398.54,BUY
3257,ETF,Brandon,GS,500,304.14,SELL
3258,Growth,Brenda,AMZN,100,337.06,BUY
3259,Growth,Jacob,NVDA,500,167.65,SELL
3260,ETF,Evelyn,TSLA,200,265.99,SELL
3261,ETF,Jenna,JPM,100,105.8,SELL
3262,Growth,Joseph,AMZN,500,312.95,SELL
3263,ETF,David,AAPL,500,307.56,BUY
3264,Growth,Charles,NVDA,100,168.88,BUY
3265,ETF,Amanda,JPM,100,248.02,BUY
3266,ETF,Michael,JPM,500,212.65,SELL
3267,ETF,Robert,MSFT,100,493.09,SELL
3268,Income,Ethan,AMZN,100,160.33,BUY
3269,ETF,William,AAPL,100,353.35,BUY
3270,Income,James,GS,100,125.67,BUY
3271,ETF,Michael,GS,200,129.89,BUY
3272,Income,Sandra,AMZN,500,337.04,SELL
3273,Growth,Travis,NVDA,500,97.03,BUY
3274,Income,Jose,AAPL,100,346.32,SELL
3275,ETF,Jamie,GS,200,106.46,SELL
3276,Income,Donna,TSLA,100,438.92,BUY
3277,Income,Michael,AAPL,100,102.45,SELL
3278,ETF,Scott,MSFT,500,496.41,SELL
3279,Income,Travis,AAPL,200,285.91,SELL
3280,ETF,Felicia,AMZN,100,65.54,SELL
3281,Income,Ruben,AAPL,500,101.38,BUY
3282,ETF,Robert,JPM,500,448.42,SELL
3283,ETF,Walter,GS,200,167.29,SELL
3284,ETF,Lauren,MSFT,500,169.06,BUY
3285,Growth,Mary,NVDA,500,271.69,SELL
3286,ETF,James,JPM,100,133.08,SELL
3287,ETF,Breanna,AMZN,100,328.74,BUY
3288,Income,David,GS,100,172.04,SELL
3289,ETF,Edward,GS,500,449.0,BUY
3290,ETF,Jack,GS,200,300.25,SELL
3291,Income,Harry,NVDA,500,361.72,SELL
3292,ETF,Lisa,NVDA,100,361.69,BUY
3293,Growth,Christopher,GS,500,397.51,BUY
3294,ETF,Eric,MSFT,500,106.02,BUY
3295,Income,Isaac,NVDA,200,421.28,BUY
3296,ETF,Jason,AMZN,200,108.61,BUY
3297,ETF,Donna,AMZN,100,478.33,BUY
3298,Income,Christopher,JPM,500,125.29,SELL
3299,Growth,Shawn,AAPL,200,372.82,BUY
3300,ETF,Rachel,AAPL,100,110.71,SELL
3301,Income,Samantha,TSLA,500,445.15,SELL
3302,Growth,Marvin,AMZN,200,265.85,BUY
3303,Income,John,GS,100,247.77,BUY
3304,Growth,Tara,NVDA,500,172.41,BUY
3305,Income,Courtney,MSFT,500,476.5,SELL
3306,ETF,Kimberly,MSFT,500,443.89,SELL
3307,Income,April,AMZN,500,279.67,SELL
3308,Income,Carmen,TSLA,200,148.16,BUY
3309,ETF,Connie,JPM,200,352.76,BUY
3310,ETF,Angela,AMZN,200,375.11,BUY
3311,Income,Cathy,NVDA,500,166.23,SELL
3312,Growth,Bradley,GS,100,281.25,SELL
3313,Income,Adam,NVDA,100,267.66,BUY
3314,ETF,David,MSFT,100,198.75,BUY
3315,Growth,Gerald,MSFT,200,129.25,BUY
3316,Growth,Lisa,AMZN,500,326.36,SELL
3317,Growth,Jonathan,AAPL,200,95.63,SELL
3318,ETF,James,MSFT,100,415.24,SELL
3319,Growth,Jennifer,AAPL,100,336.27,BUY
3320,ETF,Kevin,AMZN,200,132.24,SELL
3321,Income,Kenneth,AAPL,100,325.0,SELL
3322,ETF,Shawn,JPM,500,252.66,SELL
3323,ETF,Maria,TSLA,500,315.66,BUY
3324,Growth,Tonya,GS,500,369.84,SELL
3325,ETF,Michael,AAPL,500,239.4,BUY
3326,Growth,Edward,GS,200,286.09,SELL
3327,Income,David,MSFT,100,485.59,SELL
3328,Growth,Gregory,NVDA,100,169.61,SELL
3329,ETF,Deborah,AMZN,200,499.15,BUY
3330,Growth,Michelle,GS,500,233.41,SELL
3331,Growth,Amanda,AMZN,500,357.19,SELL
3332,Income,Carlos,TSLA,200,211.7,BUY
3333,Growth,Jason,AAPL,100,380.06,BUY
3334,Income,Shawna,TSLA,500,203.25,SELL
3335,ETF,Heather,NVDA,100,105.07,BUY
3336,Income,Tonya,AMZN,200,72.9,SELL
3337,Income,Melissa,MSFT,200,455.17,SELL
3338,Growth,Matthew,NVDA,500,368.96,BUY
3339,ETF,Sarah,JPM,500,456.93,BUY
3340,Income,Erin,AMZN,500,257.92,BUY
3341,Growth,Sarah,JPM,500,279.66,BUY
3342,Growth,Nathan,NVDA,200,98.67,BUY
3343,Growth,Melanie,NVDA,200,209.97,SELL
3344,ETF,Stephen,JPM,500,123.46,BUY
3345,ETF,Brittney,NVDA,100,396.66,BUY
3346,Income,Sandra,AMZN,100,314.66,BUY
3347,Growth,Michelle,GS,500,126.19,BUY
3348,Income,Tammy,TSLA,100,242.84,BUY
3349,ETF,Brittany,AAPL,200,237.25,BUY
3350,Income,Arthur,GS,200,208.15,BUY
3351,Income,Leslie,NVDA,500,202.92,BUY
3352,Growth,Jennifer,GS,100,490.45,SELL
3353,Income,Michael,TSLA,100,310.72,BUY
3354,ETF,James,TSLA,100,358.86,BUY
3355,ETF,Nathaniel,AMZN,200,161.42,BUY
3356,ETF,Anthony,AAPL,200,207.2,SELL
3357,Income,Dawn,MSFT,100,328.09,BUY
3358,Growth,Alicia,AAPL,500,487.73,SELL
3359,Income,Kenneth,JPM,100,159.66,BUY
3360,ETF,Brenda,AMZN,500,411.78,BUY
3361,Income,Tony,JPM,100,116.44,BUY
3362,Growth,Jacob,NVDA,500,409.5,BUY
3363,ETF,Darren,JPM,500,165.55,SELL
3364,ETF,Sydney,TSLA,100,414.29,BUY
3365,ETF,Sherry,AAPL,500,284.0,BUY
3366,Growth,Ryan,GS,500,394.06,SELL
3367,ETF,Patrick,TSLA,200,414.83,SELL
3368,Income,Michael,AMZN,500,154.63,BUY
3369,ETF,Tara,MSFT,200,461.56,SELL
3370,Income,Elizabeth,NVDA,500,383.85,SELL
3371,Income,Philip,TSLA,100,463.35,BUY
3372,Growth,Tracy,JPM,100,385.96,SELL
3373,ETF,Isaac,AAPL,500,94.02,BUY
3374,Growth,Henry,MSFT,500,207.16,BUY
3375,Income,Courtney,GS,100,345.25,SELL
3376,Growth,Shannon,NVDA,200,127.77,SELL
3377,Income,Dennis,MSFT,100,238.47,BUY
3378,ETF,Suzanne,NVDA,500,260.44,SELL
3379,ETF,Tina,MSFT,200,107.68,SELL
3380,ETF,Tristan,AMZN,500,351.25,SELL
3381,Growth,Daniel,AAPL,500,67.2,SELL
3382,ETF,Angela,MSFT,100,374.89,SELL
3383,Growth,Michele,AAPL,500,418.95,BUY
3384,Growth,Samuel,TSLA,100,131.55,SELL
3385,Growth,Raymond,AMZN,200,172.16,BUY
3386,ETF,Lee,GS,200,85.82,SELL
3387,Growth,Stephen,AAPL,200,55.19,BUY
3388,Income,Wendy,JPM,100,51.07,SELL
3389,Income,Kimberly,TSLA,500,264.27,BUY
3390,Income,Trevor,AMZN,200,403.53,SELL
3391,Growth,Jared,GS,500,304.36,SELL
3392,Growth,Pamela,AAPL,200,367.11,SELL
3393,Growth,Jessica,JPM,500,252.89,BUY
3394,Income,Travis,GS,200,225.16,SELL
3395,Growth,James,TSLA,100,310.87,BUY
3396,ETF,Christian,AAPL,100,253.2,BUY
3397,Growth,Angela,AAPL,200,211.26,BUY
3398,Income,Yvonne,TSLA,500,152.86,BUY
3399,Growth,Desiree,NVDA,500,272.22,BUY
3400,Growth,Jessica,AAPL,200,132.91,BUY
3401,ETF,Douglas,AAPL,200,334.05,BUY
3402,Income,Erik,MSFT,500,129.73,SELL
3403,ETF,David,NVDA,100,208.59,SELL
3404,Growth,Jessica,JPM,200,193.6,SELL
3405,Growth,Anita,GS,200,466.49,SELL
3406,Growth,Jennifer,MSFT,200,147.06,SELL
3407,Income,Christopher,GS,100,409.16,BUY
3408,ETF,John,JPM,100,260.99,SELL
3409,Growth,Linda,NVDA,500,456.56,SELL
3410,Income,Jennifer,AAPL,100,201.57,BUY
3411,Growth,David,GS,500,475.7,SELL
3412,ETF,Brittany,JPM,100,234.98,SELL
3413,Growth,Diana,JPM,200,199.43,BUY
3414,Growth,Michael,MSFT,200,162.04,SELL
3415,ETF,Mary,GS,100,126.91,BUY
3416,Income,Susan,AAPL,500,418.87,BUY
3417,ETF,Gregory,JPM,200,227.21,BUY
3418,Income,Amy,MSFT,500,77.37,SELL
3419,ETF,Kathryn,MSFT,200,193.27,BUY
3420,Income,Robert,MSFT,200,156.97,SELL
3421,ETF,Daniel,AMZN,100,493.31,BUY
3422,Income,Charles,AMZN,500,420.8,SELL
3423,Growth,Courtney,MSFT,100,495.52,BUY
3424,Growth,Rebecca,AMZN,500,382.41,SELL
3425,Growth,Erin,AMZN,500,172.64,BUY
3426,Growth,Timothy,MSFT,500,245.88,SELL
3427,Growth,Deborah,TSLA,100,256.17,SELL
3428,ETF,Emily,NVDA,200,406.36,SELL
3429,Income,Zachary,AMZN,100,481.88,BUY
3430,ETF,Johnathan,AMZN,500,198.84,SELL
3431,Income,Russell,GS,100,199.4,SELL
3432,Income,Jacob,AMZN,200,191.09,SELL
3433,Income,Caleb,NVDA,200,114.81,SELL
3434,Growth,Jessica,MSFT,200,220.36,SELL
3435,Growth,Kayla,MSFT,500,260.2,SELL
3436,ETF,Lauren,AMZN,500,234.8,SELL
3437,Income,Henry,AAPL,500,223.97,BUY
3438,Income,Kelly,GS,500,319.06,BUY
3439,Growth,John,TSLA,200,284.58,SELL
3440,Income,Jared,AAPL,500,80.59,SELL
3441,Income,Carlos,TSLA,200,101.4,SELL
3442,Income,Steve,MSFT,200,271.73,SELL
3443,ETF,Beth,TSLA,100,467.66,SELL
3444,Growth,Thomas,NVDA,100,458.73,SELL
3445,Growth,Jason,AAPL,200,498.42,SELL
3446,Growth,Manuel,TSLA,100,212.21,BUY
3447,Growth,Timothy,AAPL,500,76.43,BUY
3448,ETF,Kimberly,MSFT,200,411.79,BUY
3449,ETF,Laurie,AAPL,100,398.52,BUY
3450,ETF,Heather,MSFT,100,212.15,SELL
3451,Income,William,AAPL,500,77.29,SELL
3452,Growth,Cody,NVDA,500,274.47,BUY
3453,Growth,Angela,AMZN,100,402.35,BUY
3454,Income,Warren,AAPL,200,204.65,BUY
3455,Growth,John,JPM,100,336.09,SELL
3456,ETF,Daniel,GS,500,255.18,SELL
3457,ETF,Sarah,NVDA,200,248.12,BUY
3458,ETF,Meghan,NVDA,100,430.27,BUY
3459,Income,Gregory,AAPL,500,315.77,SELL
3460,Growth,Stephanie,JPM,200,58.29,BUY
3461,Income,William,MSFT,200,380.77,SELL
3462,Income,David,AMZN,100,448.96,BUY
3463,Growth,Sherry,JPM,500,488.03,BUY
3464,ETF,Scott,TSLA,100,340.72,BUY
3465,ETF,Christopher,NVDA,200,295.43,SELL
3466,Income,Christopher,AMZN,200,298.31,BUY
3467,Income,Donald,AMZN,200,328.3,SELL
3468,Growth,Jennifer,GS,200,398.54,BUY
3469,Growth,Samantha,NVDA,100,495.09,BUY
3470,ETF,Alexis,AMZN,100,227.11,BUY
3471,Growth,Vanessa,TSLA,100,129.94,BUY
3472,ETF,Kimberly,AAPL,100,230.4,SELL
3473,Growth,Mary,TSLA,100,364.66,BUY
3474,ETF,Janet,GS,100,313.94,SELL
3475,Growth,Ana,AMZN,500,61.66,BUY
3476,Growth,John,MSFT,100,184.09,BUY
3477,Growth,Joseph,NVDA,200,268.05,SELL
3478,ETF,Megan,JPM,200,160.66,BUY
3479,Income,Tara,GS,100,392.48,BUY
3480,Growth,Emily,AAPL,200,59.03,BUY
3481,ETF,Cole,TSLA,200,482.36,SELL
3482,Income,Jared,JPM,100,372.92,SELL
3483,ETF,Amber,GS,100,369.91,SELL
3484,Growth,Javier,GS,500,145.08,SELL
3485,ETF,Ruth,NVDA,200,482.88,SELL
3486,ETF,Lisa,GS,200,239.76,SELL
3487,Income,Miranda,NVDA,200,285.94,SELL
3488,ETF,Lindsey,AMZN,100,89.14,SELL
3489,Growth,April,AAPL,200,185.66,BUY
3490,Income,Crystal,TSLA,500,420.14,SELL
3491,ETF,Sydney,GS,100,403.65,BUY
3492,ETF,Alexander,AMZN,200,396.65,BUY
3493,ETF,Teresa,MSFT,200,332.18,BUY
3494,ETF,Monica,AAPL,100,345.81,BUY
3495,Growth,Karen,GS,200,450.92,BUY
3496,ETF,Eugene,NVDA,100,405.81,SELL
3497,Income,James,JPM,100,494.37,BUY
3498,Income,Taylor,JPM,500,455.89,SELL
3499,Growth,Derek,AAPL,500,427.45,SELL
3500,Income,Paul,NVDA,500,403.45,SELL
3501,Growth,Adam,TSLA,500,78.9,BUY
3502,Income,Jonathan,MSFT,200,436.0,SELL
3503,Income,Paul,AMZN,200,240.99,SELL
3504,Income,Rhonda,NVDA,100,265.32,SELL
3505,ETF,Christina,NVDA,200,301.22,SELL
3506,Income,Sandra,AMZN,200,180.2,SELL
3507,Growth,Stefanie,JPM,200,405.26,BUY
3508,Growth,Kenneth,AMZN,200,126.93,BUY
3509,Income,Mark,NVDA,500,140.23,SELL
3510,ETF,Elizabeth,AMZN,100,61.8,SELL
3511,ETF,Gilbert,AMZN,500,228.26,SELL
3512,Income,Rachel,GS,100,60.4,SELL
3513,Income,Jennifer,NVDA,500,367.31,SELL
3514,ETF,Thomas,NVDA,200,462.65,SELL
3515,Income,Jennifer,AMZN,200,277.47,BUY
3516,ETF,Natalie,NVDA,200,61.42,BUY
3517,Growth,Kayla,TSLA,100,118.51,SELL
3518,Income,Jeffrey,AMZN,100,88.56,BUY
3519,Growth,Oscar,AMZN,200,395.51,SELL
3520,Growth,Aaron,GS,500,128.34,BUY
3521,ETF,Rose,MSFT,200,392.66,BUY
3522,Growth,Logan,NVDA,100,196.17,SELL
3523,ETF,Robert,AMZN,100,349.34,BUY
3524,Income,Anne,NVDA,200,434.54,SELL
3525,Income,Scott,AMZN,200,142.07,BUY
3526,Growth,Stephanie,TSLA,200,241.15,BUY
3527,Income,Andre,JPM,500,272.08,SELL
3528,Income,Sylvia,JPM,200,180.38,BUY
3529,Growth,Peter,AAPL,100,237.66,BUY
3530,Income,Craig,TSLA,200,221.54,SELL
3531,ETF,David,NVDA,500,402.0,SELL
3532,ETF,Kimberly,TSLA,100,302.13,BUY
3533,ETF,Nancy,NVDA,100,325.16,BUY
3534,Income,Nancy,TSLA,200,60.13,BUY
3535,Income,Marissa,MSFT,200,470.6,SELL
3536,Income,Antonio,NVDA,100,221.76,SELL
3537,ETF,Dennis,NVDA,500,342.19,BUY
3538,Growth,Zachary,TSLA,100,355.98,SELL
3539,Growth,Tina,TSLA,200,104.78,SELL
3540,Growth,Kristy,JPM,500,370.95,SELL
3541,Growth,Antonio,AAPL,200,163.0,SELL
3542,ETF,Daniel,NVDA,200,131.99,BUY
3543,ETF,Ryan,MSFT,500,491.86,SELL
3544,Growth,Brian,TSLA,100,165.81,BUY
3545,Growth,Angela,GS,200,106.37,BUY
3546,ETF,Steve,MSFT,200,332.55,BUY
3547,ETF,Andrew,GS,200,410.14,SELL
3548,Income,Eddie,JPM,100,490.51,SELL
3549,Income,Brianna,AAPL,200,169.51,BUY
3550,Income,Christopher,NVDA,500,128.03,BUY
3551,Growth,Tiffany,TSLA,100,121.4,BUY
3552,ETF,Kelly,GS,100,449.7,SELL
3553,Income,James,MSFT,100,495.96,SELL
3554,Growth,Megan,AAPL,200,295.9,SELL
3555,Income,Oscar,MSFT,500,176.31,BUY
3556,Growth,Christopher,AAPL,200,465.76,SELL
3557,Growth,John,TSLA,100,183.16,BUY
3558,ETF,Mathew,MSFT,200,297.13,BUY
3559,Growth,Gerald,MSFT,100,219.74,BUY
3560,Growth,Scott,GS,200,84.88,SELL
3561,ETF,Joseph,NVDA,100,191.7,BUY
3562,ETF,William,GS,500,237.49,SELL
3563,Growth,Kelly,JPM,500,203.06,BUY
3564,Income,Tabitha,GS,200,290.06,SELL
3565,ETF,Jorge,AAPL,200,339.47,SELL
3566,Income,Rebecca,GS,500,241.0,SELL
3567,ETF,Brittany,AAPL,200,391.78,SELL
3568,Income,Paula,TSLA,500,57.44,SELL
3569,Income,Victor,MSFT,500,351.82,BUY
3570,Growth,Jesse,AAPL,100,369.83,BUY
3571,Income,James,MSFT,200,237.95,BUY
3572,ETF,Sherry,AAPL,100,463.26,SELL
3573,Income,Curtis,JPM,200,342.53,BUY
3574,Income,Julie,AMZN,200,168.1,SELL
3575,Income,Victoria,GS,100,175.05,BUY
3576,ETF,Daniel,JPM,500,438.74,SELL
3577,ETF,Jason,GS,100,98.31,BUY
3578,Income,Sarah,TSLA,100,465.23,BUY
3579,Income,Erika,TSLA,500,152.11,BUY
3580,Income,Michael,AMZN,500,443.8,SELL
3581,ETF,Meghan,AAPL,200,449.46,SELL
3582,Growth,Donald,AMZN,500,455.96,BUY
3583,ETF,Kevin,AAPL,200,127.73,SELL
3584,Growth,John,AMZN,200,393.14,SELL
3585,Growth,Shawn,TSLA,500,116.91,SELL
3586,Growth,Pamela,AAPL,100,271.42,BUY
3587,Income,Chloe,GS,100,371.09,SELL
3588,ETF,Diane,TSLA,500,385.61,SELL
3589,Income,Corey,GS,200,169.47,SELL
3590,Income,Daniel,JPM,200,207.63,SELL
3591,ETF,Eric,AAPL,100,326.99,SELL
3592,Growth,Steven,GS,100,235.3,BUY
3593,ETF,Erin,TSLA,100,70.48,SELL
3594,Income,Cassandra,JPM,200,407.32,BUY
3595,ETF,Patty,JPM,100,319.13,BUY
3596,Income,Vanessa,JPM,500,353.94,BUY
3597,ETF,Jean,AMZN,200,339.92,SELL
3598,Growth,Shirley,AAPL,500,63.3,SELL
3599,Growth,Mary,JPM,100,268.45,SELL
3600,Growth,Lisa,AAPL,200,401.77,BUY
3601,ETF,Debra,TSLA,100,469.11,BUY
3602,Income,Nicholas,NVDA,200,170.1,BUY
3603,ETF,Troy,JPM,500,224.82,SELL
3604,Growth,Ashley,AMZN,100,364.68,SELL
3605,ETF,Amy,GS,100,258.71,SELL
3606,ETF,John,MSFT,500,268.45,BUY
3607,Income,Alyssa,GS,500,207.13,BUY
3608,ETF,Evan,MSFT,100,359.66,SELL
3609,ETF,James,GS,500,484.99,SELL
3610,Income,Terri,NVDA,200,107.15,BUY
3611,Income,Stacey,JPM,100,441.24,BUY
3612,Income,Christopher,JPM,200,292.51,BUY
3613,Growth,Dale,AAPL,200,463.28,BUY
3614,Income,Tyler,JPM,500,189.31,BUY
3615,ETF,Vincent,NVDA,200,180.5,SELL
3616,Growth,Catherine,AAPL,200,362.28,SELL
3617,Income,Dawn,JPM,500,314.26,SELL
3618,ETF,Mark,MSFT,500,438.68,SELL
3619,Income,Shari,MSFT,100,238.45,BUY
3620,ETF,Gabrielle,AMZN,500,444.84,BUY
3621,Income,Jeffrey,JPM,100,109.26,BUY
3622,Income,Angela,JPM,100,359.02,BUY
3623,ETF,Samuel,GS,500,234.08,BUY
3624,Growth,Justin,TSLA,500,241.01,BUY
3625,Income,Sherri,TSLA,100,456.94,SELL
3626,Growth,Lori,JPM,100,144.1,BUY
3627,Income,Denise,AMZN,100,267.86,BUY
3628,Income,Jean,AMZN,500,137.55,SELL
3629,Income,Alexander,TSLA,200,283.04,SELL
3630,Growth,Rebecca,MSFT,500,235.42,BUY
3631,ETF,Rick,GS,500,199.74,BUY
3632,Growth,Dana,TSLA,200,395.11,BUY
3633,Income,Danielle,MSFT,500,64.44,SELL
3634,ETF,Stephanie,AMZN,100,480.48,BUY
3635,Income,Robert,TSLA,500,411.18,BUY
3636,ETF,Tyler,GS,100,398.24,BUY
3637,Growth,Matthew,MSFT,200,473.26,BUY
3638,Growth,James,MSFT,100,418.81,SELL
3639,Growth,Charles,AAPL,100,330.0,SELL
3640,Income,Robert,MSFT,500,302.52,BUY
3641,ETF,Jonathan,TSLA,200,233.45,BUY
3642,ETF,Jillian,NVDA,100,208.71,SELL
3643,Growth,Steven,TSLA,200,227.12,BUY
3644,Income,Seth,GS,100,412.78,SELL
3645,Growth,Jessica,TSLA,500,436.67,SELL
3646,Growth,Evan,AAPL,500,114.94,BUY
3647,Growth,Kyle,MSFT,500,283.74,BUY
3648,ETF,William,JPM,200,208.64,BUY
3649,Income,Kimberly,MSFT,500,75.44,BUY
3650,ETF,Eugene,GS,500,215.25,BUY
3651,Income,Joy,AAPL,200,246.12,BUY
3652,Growth,Jacqueline,NVDA,100,413.6,BUY
3653,Income,Marcus,GS,100,374.06,BUY
3654,Income,Michael,MSFT,100,278.82,SELL
3655,Growth,Michael,MSFT,100,93.19,SELL
3656,ETF,Deanna,TSLA,100,252.16,BUY
3657,ETF,Ashley,GS,100,133.35,SELL
3658,ETF,Michael,JPM,100,369.02,BUY
3659,Income,Rebecca,JPM,100,400.59,BUY
3660,Growth,Jonathan,JPM,500,354.88,BUY
3661,Growth,Kevin,MSFT,200,231.59,SELL
3662,ETF,Kim,MSFT,100,166.83,BUY
3663,ETF,Ashley,JPM,500,374.43,BUY
3664,Growth,Lauren,AAPL,500,200.98,BUY
3665,ETF,Ashley,NVDA,500,310.35,SELL
3666,Income,Joseph,MSFT,200,390.5,SELL
3667,Growth,Timothy,GS,500,390.46,SELL
3668,Growth,Larry,TSLA,200,396.12,SELL
3669,Income,James,AMZN,100,385.7,SELL
3670,Income,Edward,AMZN,100,442.09,BUY
3671,Income,Adriana,NVDA,200,118.14,BUY
3672,ETF,Elizabeth,GS,500,330.93,SELL
3673,Income,Amber,GS,500,311.75,SELL
3674,Income,Laura,GS,200,464.14,SELL
3675,ETF,Virginia,TSLA,100,490.38,BUY
3676,Income,Anthony,JPM,500,238.96,SELL
3677,ETF,Denise,JPM,100,102.16,BUY
3678,Income,Sandra,NVDA,100,295.8,BUY
3679,Income,Zachary,TSLA,200,219.97,SELL
3680,Income,Michael,NVDA,200,415.53,SELL
3681,Income,Wendy,JPM,500,355.56,BUY
3682,Growth,Alexander,AMZN,500,384.98,SELL
3683,Growth,Sean,AAPL,500,137.94,BUY
3684,ETF,Michelle,AAPL,200,465.86,BUY
3685,Growth,Jennifer,NVDA,500,226.1,BUY
3686,Growth,Edward,NVDA,100,348.02,BUY
3687,Growth,Scott,AAPL,200,267.84,SELL
3688,Growth,Jeffrey,MSFT,200,184.25,BUY
3689,ETF,Monica,MSFT,100,288.48,BUY
3690,Growth,Valerie,NVDA,200,421.39,SELL
3691,Growth,Adam,AAPL,500,366.01,BUY
3692,Income,Justin,NVDA,100,489.33,SELL
3693,Growth,Samantha,AAPL,200,174.66,BUY
3694,ETF,Katherine,AMZN,500,332.63,BUY
3695,Growth,Donald,AAPL,200,199.86,BUY
3696,Income,Samantha,AAPL,500,152.65,SELL
3697,ETF,Lindsey,NVDA,100,487.79,SELL
3698,ETF,David,GS,200,298.81,SELL
3699,ETF,David,TSLA,100,122.28,BUY
3700,Growth,Ryan,JPM,200,475.81,BUY
3701,Growth,Hannah,AMZN,500,344.32,BUY
3702,Income,Kenneth,GS,200,342.02,SELL
3703,ETF,Derek,JPM,200,465.45,BUY
3704,Growth,Anne,AMZN,500,247.91,BUY
3705,ETF,Christopher,AMZN,500,74.75,SELL
3706,Income,Kathleen,AMZN,500,138.59,BUY
3707,Income,Pamela,GS,500,245.31,BUY
3708,ETF,Douglas,TSLA,500,341.88,SELL
3709,ETF,Brandy,JPM,100,227.06,SELL
3710,Growth,Victoria,JPM,200,316.55,BUY
3711,Growth,Kimberly,TSLA,100,387.63,BUY
3712,Income,Joseph,MSFT,100,275.11,BUY
3713,Income,Dan,AMZN,500,270.28,SELL
3714,ETF,Christopher,AAPL,100,355.25,BUY
3715,Income,Matthew,AAPL,200,495.71,SELL
3716,Income,Sean,NVDA,100,238.76,SELL
3717,Income,Danielle,AMZN,500,423.79,BUY
3718,Growth,Jenna,GS,100,398.45,SELL
3719,Growth,Daniel,NVDA,500,356.56,SELL
3720,Growth,Tammy,AAPL,500,54.39,SELL
3721,ETF,Theresa,TSLA,200,237.99,SELL
3722,Growth,Cassandra,NVDA,100,363.05,SELL
3723,ETF,Mario,JPM,500,431.51,SELL
3724,Growth,Brandon,MSFT,500,341.94,SELL
3725,Growth,Theresa,AMZN,500,482.0,BUY
3726,ETF,Alex,GS,100,264.29,SELL
3727,Growth,Evan,GS,100,169.37,SELL
3728,Income,Taylor,MSFT,200,244.53,BUY
3729,Income,Terrence,NVDA,200,67.0,BUY
3730,Income,James,NVDA,500,144.19,BUY
3731,ETF,Paige,MSFT,500,129.98,BUY
3732,ETF,Ashley,NVDA,500,88.93,SELL
3733,ETF,Christine,AAPL,500,62.34,BUY
3734,Growth,Tara,NVDA,100,308.15,BUY
3735,Income,Carolyn,TSLA,100,391.25,SELL
3736,Income,Nicole,NVDA,200,397.8,BUY
3737,Growth,Lauren,JPM,500,438.43,SELL
3738,Growth,Kaylee,GS,500,84.13,BUY
3739,ETF,Michelle,JPM,100,271.09,SELL
3740,Growth,Edward,AAPL,500,220.95,SELL
3741,Income,Michael,MSFT,200,71.19,BUY
3742,Income,Sandy,MSFT,500,102.08,SELL
3743,Income,Miranda,MSFT,100,407.08,BUY
3744,Income,Crystal,JPM,200,232.13,BUY
3745,ETF,Gina,AMZN,500,61.19,SELL
3746,Growth,Allen,TSLA,500,159.45,BUY
3747,Growth,Angela,AMZN,500,289.09,SELL
3748,ETF,Taylor,JPM,200,148.54,SELL
3749,ETF,Summer,TSLA,200,91.82,BUY
3750,ETF,Michael,JPM,100,219.59,SELL
3751,Growth,Gabrielle,GS,200,175.47,SELL
3752,Income,Abigail,GS,200,139.5,BUY
3753,Growth,Jeremy,AMZN,200,387.84,SELL
3754,ETF,Tony,NVDA,100,268.92,SELL
3755,Growth,Ashley,AAPL,100,227.83,BUY
3756,Growth,Mary,AMZN,200,325.88,BUY
3757,Growth,Mark,NVDA,500,309.08,BUY
3758,ETF,Denise,TSLA,500,423.8,SELL
3759,ETF,Carlos,AMZN,200,56.59,BUY
3760,ETF,Bradley,NVDA,100,68.35,SELL
3761,Income,Danielle,AAPL,200,90.31,SELL
3762,ETF,Gary,NVDA,100,212.6,BUY
3763,ETF,Philip,NVDA,100,114.02,BUY
3764,Growth,Kathleen,NVDA,100,485.18,BUY
3765,ETF,Devon,TSLA,200,419.83,SELL
3766,ETF,Brandon,GS,500,243.82,BUY
3767,ETF,Douglas,JPM,100,248.01,BUY
3768,ETF,Karl,AAPL,100,363.73,BUY
3769,Income,Nicholas,MSFT,200,447.29,SELL
3770,ETF,John,AAPL,200,350.85,SELL
3771,Growth,Robert,JPM,100,156.53,BUY
3772,Income,Adriana,TSLA,200,216.07,BUY
3773,ETF,Jennifer,GS,500,279.13,BUY
3774,Growth,Scott,GS,500,336.54,SELL
3775,Growth,Shawn,NVDA,500,401.12,SELL
3776,Growth,John,MSFT,100,191.25,SELL
3777,Income,Michael,MSFT,500,467.45,BUY
3778,ETF,Lauren,AAPL,500,318.33,SELL
3779,ETF,Michael,GS,100,134.27,BUY
3780,Growth,Tiffany,JPM,200,93.02,BUY
3781,Growth,Johnny,MSFT,500,115.0,SELL
3782,ETF,Mario,MSFT,200,413.94,SELL
3783,ETF,John,NVDA,500,166.59,BUY
3784,Income,Amy,AMZN,100,421.15,BUY
3785,Growth,David,AMZN,500,139.92,BUY
3786,Income,Christopher,MSFT,100,407.67,BUY
3787,Income,Jim,AMZN,500,136.85,BUY
3788,Income,Gary,MSFT,100,324.99,SELL
3789,ETF,Raymond,AAPL,100,179.14,BUY
3790,Growth,Casey,TSLA,500,226.88,SELL
3791,Growth,Lisa,NVDA,200,86.01,SELL
3792,ETF,Justin,TSLA,200,270.46,BUY
3793,ETF,Bradley,JPM,500,174.82,SELL
3794,Growth,Phillip,JPM,500,173.28,BUY
3795,Income,Kenneth,NVDA,200,430.61,BUY
3796,ETF,Elizabeth,TSLA,200,242.89,SELL
3797,Growth,Gregory,AMZN,200,421.24,BUY
3798,ETF,Paula,JPM,500,386.47,BUY
3799,ETF,Ricky,TSLA,500,443.98,SELL
3800,Income,Suzanne,GS,500,90.5,BUY
3801,Growth,Joseph,AMZN,200,261.2,BUY
3802,Growth,Frank,GS,500,308.01,SELL
3803,Growth,Andre,AMZN,200,345.74,SELL
3804,ETF,Tiffany,AMZN,100,64.73,BUY
3805,ETF,Sean,TSLA,500,363.24,SELL
3806,ETF,Erin,JPM,500,305.85,SELL
3807,Income,Karen,TSLA,100,476.7,SELL
3808,Growth,William,AAPL,200,364.2,BUY
3809,Income,Abigail,AAPL,200,153.82,SELL
3810,Income,Anthony,AAPL,200,326.37,BUY
3811,ETF,Jerome,NVDA,200,386.45,SELL
3812,Growth,Lauren,TSLA,100,286.01,SELL
3813,Growth,Lindsay,JPM,200,448.38,SELL
3814,Income,Norman,GS,100,412.11,BUY
3815,Income,Karen,MSFT,500,485.35,SELL
3816,Growth,Ryan,TSLA,100,446.27,SELL
3817,Growth,Suzanne,AAPL,500,324.51,SELL
3818,Growth,Tristan,NVDA,100,319.97,BUY
3819,Growth,Joshua,MSFT,200,99.96,SELL
3820,Income,Becky,JPM,500,194.75,BUY
3821,Income,Timothy,TSLA,100,237.46,SELL
3822,Income,Joseph,AAPL,200,57.75,SELL
3823,ETF,Daniel,TSLA,100,222.35,BUY
3824,ETF,James,MSFT,100,471.62,BUY
3825,Growth,Matthew,NVDA,500,162.43,BUY
3826,ETF,Brian,MSFT,500,491.81,SELL
3827,ETF,Katie,AMZN,500,404.45,BUY
3828,Income,Douglas,AAPL,500,474.83,SELL
3829,Income,Lynn,TSLA,200,176.8,SELL
3830,Income,Richard,TSLA,500,366.2,SELL
3831,Growth,Jennifer,NVDA,200,392.69,BUY
3832,Income,Sarah,GS,200,50.29,SELL
3833,Income,Bryan,NVDA,500,430.88,SELL
3834,Growth,Jessica,MSFT,200,260.86,SELL
3835,Growth,Robert,TSLA,100,302.94,SELL
3836,Growth,Jordan,AAPL,100,473.59,SELL
3837,Income,Debra,AMZN,100,170.48,SELL
3838,Income,Darlene,MSFT,100,270.6,SELL
3839,ETF,Cassandra,NVDA,100,179.15,SELL
3840,ETF,Melanie,MSFT,200,114.39,SELL
3841,Growth,Brittany,AMZN,500,139.79,SELL
3842,Income,John,TSLA,500,223.36,SELL
3843,Growth,Stephanie,JPM,100,325.63,BUY
3844,Growth,Cassandra,TSLA,500,68.31,BUY
3845,ETF,Larry,AAPL,500,415.74,BUY
3846,ETF,Alan,JPM,100,146.17,SELL
3847,Growth,Amy,NVDA,500,59.93,SELL
3848,Income,James,GS,100,208.0,BUY
3849,ETF,Brittany,NVDA,500,403.76,SELL
3850,Growth,Richard,TSLA,100,56.15,BUY
3851,Growth,Peter,AMZN,500,333.64,SELL
3852,Income,Jason,GS,100,460.83,SELL
3853,ETF,Hunter,TSLA,500,374.48,BUY
3854,Growth,Michael,JPM,100,455.24,SELL
3855,ETF,Bob,GS,500,308.3,SELL
3856,ETF,Kevin,JPM,500,126.1,BUY
3857,Growth,Jose,AAPL,200,58.98,BUY
3858,ETF,Susan,MSFT,200,439.0,BUY
3859,Income,Adrienne,JPM,500,190.78,BUY
3860,Growth,Mark,TSLA,100,220.88,BUY
3861,Growth,Kerri,NVDA,100,492.68,BUY
3862,Income,Adrian,TSLA,200,315.08,BUY
3863,Growth,Jason,GS,100,273.54,BUY
3864,ETF,Mary,AMZN,200,359.8,SELL
3865,Income,Kevin,GS,500,127.1,BUY
3866,ETF,Stephanie,TSLA,100,397.59,BUY
3867,Income,Deborah,JPM,200,458.81,BUY
3868,Income,Cheryl,NVDA,100,73.96,BUY
3869,Income,Trevor,TSLA,200,362.79,SELL
3870,ETF,James,NVDA,200,493.96,SELL
3871,ETF,Ryan,TSLA,100,92.01,BUY
3872,Income,Shannon,NVDA,500,86.12,BUY
3873,Income,Steven,TSLA,500,94.65,BUY
3874,Income,James,MSFT,100,385.44,BUY
3875,Growth,Betty,NVDA,200,497.22,SELL
3876,Growth,Patrick,GS,500,435.52,SELL
3877,Income,Nathan,JPM,200,241.45,BUY
3878,Income,Amanda,NVDA,200,462.53,SELL
3879,Growth,Todd,GS,200,161.04,SELL
3880,Growth,Timothy,MSFT,100,241.5,SELL
3881,ETF,Richard,TSLA,200,263.33,SELL
3882,Income,Crystal,MSFT,100,173.34,SELL
3883,Income,Tonya,TSLA,500,107.95,BUY
3884,Growth,Michael,JPM,100,72.26,SELL
3885,Income,Michele,TSLA,200,356.88,BUY
3886,ETF,Joyce,GS,100,86.44,BUY
3887,ETF,Sean,TSLA,200,212.58,SELL
3888,ETF,Ashley,GS,100,367.59,BUY
3889,Income,Joanna,GS,100,72.84,BUY
3890,Growth,Jeremy,MSFT,200,230.19,BUY
3891,ETF,Tonya,NVDA,200,234.93,SELL
3892,ETF,Kathryn,TSLA,100,195.99,BUY
3893,ETF,Meagan,NVDA,100,335.64,BUY
3894,Income,Stephen,JPM,500,390.38,SELL
3895,ETF,Chase,AAPL,500,298.61,BUY
3896,ETF,Sara,JPM,100,130.68,SELL
3897,Growth,Dean,JPM,500,58.73,BUY
3898,Income,Todd,JPM,200,255.23,SELL
3899,ETF,Alyssa,AMZN,100,463.13,SELL
3900,Income,Mark,NVDA,200,413.35,BUY
3901,Income,Tammy,AAPL,500,467.9,SELL
3902,Income,Melissa,MSFT,100,355.16,SELL
3903,Income,Daniel,GS,500,55.92,BUY
3904,Growth,Amy,NVDA,500,192.73,BUY
3905,ETF,Alyssa,TSLA,100,96.08,BUY
3906,Income,Lindsay,NVDA,100,112.7,BUY
3907,Income,Justin,MSFT,200,465.82,SELL
3908,ETF,Bobby,MSFT,200,432.52,BUY
3909,ETF,Gregory,GS,200,174.69,SELL
3910,Income,Richard,AMZN,500,58.5,SELL
3911,Income,Glenn,GS,200,59.48,SELL
3912,ETF,Robert,AAPL,200,447.36,BUY
3913,ETF,Michele,AAPL,500,211.98,SELL
3914,Growth,Virginia,NVDA,100,270.86,SELL
3915,Growth,William,JPM,100,221.08,BUY
3916,Growth,Shaun,AAPL,500,278.8,BUY
3917,Income,James,TSLA,200,417.69,SELL
3918,ETF,Brad,NVDA,500,247.86,SELL
3919,ETF,Alicia,TSLA,500,360.64,BUY
3920,ETF,Patricia,GS,200,95.46,BUY
3921,ETF,Renee,AMZN,100,84.45,BUY
3922,ETF,Kirk,AAPL,200,342.74,BUY
3923,Income,Daniel,JPM,100,285.02,BUY
3924,Growth,Paige,AMZN,200,284.1,SELL
3925,Income,Sabrina,TSLA,100,218.4,BUY
3926,Growth,Lance,TSLA,500,323.42,BUY
3927,Income,Brett,MSFT,500,191.69,BUY
3928,Growth,Richard,GS,200,237.27,SELL
3929,Income,Natalie,AAPL,200,372.42,BUY
3930,Growth,Todd,NVDA,200,332.15,BUY
3931,ETF,Jennifer,AMZN,200,207.93,SELL
3932,Growth,Kevin,JPM,100,331.05,BUY
3933,Income,Jennifer,AAPL,500,282.08,BUY
3934,Growth,Jason,GS,500,421.43,BUY
3935,Growth,Teresa,JPM,100,431.16,SELL
3936,ETF,Karen,AMZN,100,253.32,SELL
3937,Income,Lisa,AMZN,100,377.88,SELL
3938,ETF,Nicole,MSFT,200,273.3,BUY
3939,ETF,Christina,MSFT,100,108.37,BUY
3940,ETF,Lisa,AMZN,200,392.69,SELL
3941,ETF,Jessica,AMZN,200,277.41,BUY
3942,ETF,Scott,MSFT,200,70.41,SELL
3943,ETF,Paul,AAPL,500,136.1,BUY
3944,ETF,Shelly,NVDA,100,141.71,SELL
3945,ETF,Bryan,AAPL,100,119.15,BUY
3946,Growth,Cody,AAPL,500,148.25,BUY
3947,Growth,Patricia,JPM,100,187.13,BUY
3948,ETF,William,TSLA,200,396.99,BUY
3949,Income,Janice,AMZN,200,400.16,SELL
3950,Growth,Rhonda,NVDA,200,87.95,SELL
3951,Growth,Pamela,GS,100,333.6,SELL
3952,Income,William,AAPL,500,393.37,BUY
3953,ETF,Yvonne,MSFT,500,73.81,SELL
3954,ETF,Anthony,TSLA,100,61.6,BUY
3955,Income,Paul,MSFT,100,351.43,BUY
3956,ETF,Joshua,JPM,500,389.2,BUY
3957,Growth,Paul,AAPL,200,447.16,BUY
3958,ETF,Jeremy,TSLA,200,321.3,BUY
3959,Income,Chad,NVDA,200,279.04,BUY
3960,Growth,Robert,GS,100,394.22,SELL
3961,ETF,John,NVDA,100,473.65,SELL
3962,Income,Melissa,AMZN,500,152.09,SELL
3963,ETF,Frank,GS,200,211.88,BUY
3964,Growth,Ricardo,JPM,200,192.43,SELL
3965,Growth,Gwendolyn,MSFT,100,429.63,SELL
3966,Growth,Christian,AMZN,100,434.87,BUY
3967,Growth,Billy,NVDA,200,247.6,SELL
3968,Income,Michelle,JPM,500,470.13,BUY
3969,ETF,Leslie,JPM,500,166.9,BUY
3970,Income,Michelle,JPM,100,402.5,SELL
3971,ETF,Haley,AAPL,200,393.13,BUY
3972,ETF,Brianna,AAPL,500,157.78,BUY
3973,Income,Russell,GS,200,351.03,BUY
3974,Income,Lauren,MSFT,500,445.93,BUY
3975,Income,Kelly,NVDA,200,364.04,SELL
3976,Income,Sandra,AMZN,100,311.4,BUY
3977,Income,John,JPM,200,207.02,BUY
3978,Growth,Cory,TSLA,200,368.06,BUY
3979,ETF,Lisa,AMZN,100,385.91,BUY
3980,ETF,James,AAPL,500,479.88,SELL
3981,Income,Jill,NVDA,100,54.78,BUY
3982,Income,Lori,MSFT,100,490.83,SELL
3983,ETF,Jose,JPM,200,465.01,SELL
3984,ETF,David,AAPL,100,483.07,BUY
3985,Growth,Courtney,NVDA,500,471.06,SELL
3986,Income,Paul,AAPL,100,73.86,BUY
3987,Income,Krista,GS,500,165.32,BUY
3988,Income,Tyler,AMZN,500,202.06,BUY
3989,Income,Sarah,AAPL,100,374.28,SELL
3990,Income,James,GS,100,140.84,SELL
3991,Income,Alex,AAPL,200,355.49,SELL
3992,ETF,Craig,GS,100,68.08,SELL
3993,ETF,Lisa,AAPL,200,205.52,BUY
3994,Income,Samantha,MSFT,100,396.72,SELL
3995,ETF,William,JPM,200,240.5,SELL
3996,ETF,Erika,JPM,100,474.71,BUY
3997,Growth,James,NVDA,500,229.23,BUY
3998,Income,Jacob,AAPL,200,461.41,SELL
3999,ETF,Gabriela,NVDA,200,393.18,BUY
4000,Growth,Jonathan,JPM,500,378.56,BUY
4001,Income,George,JPM,200,219.96,BUY
4002,ETF,Dawn,AAPL,500,93.67,BUY
4003,Growth,Todd,JPM,100,124.88,BUY
4004,Growth,Laurie,JPM,200,298.49,BUY
4005,Growth,Evan,GS,100,352.64,SELL
4006,ETF,Darren,MSFT,200,365.17,BUY
4007,Growth,Laurie,JPM,200,258.82,BUY
4008,Growth,Anthony,NVDA,200,470.04,SELL
4009,Growth,Carrie,TSLA,500,223.25,SELL
4010,Growth,Cheryl,JPM,500,146.29,SELL
4011,Income,Jacob,AAPL,200,70.11,SELL
4012,ETF,Joseph,TSLA,500,274.77,SELL
4013,ETF,Gary,GS,500,320.24,BUY
4014,Income,Robyn,TSLA,200,192.52,BUY
4015,Income,Julie,AMZN,500,72.72,SELL
4016,Income,Jennifer,TSLA,200,379.58,SELL
4017,Income,Jacob,NVDA,100,138.29,BUY
4018,Income,Samuel,TSLA,100,170.43,SELL
4019,Growth,Richard,TSLA,500,120.67,SELL
4020,ETF,Samantha,MSFT,500,226.11,BUY
4021,Growth,Paula,AAPL,100,468.48,SELL
4022,Income,Sergio,AAPL,100,94.12,SELL
4023,Growth,Danny,MSFT,200,92.39,SELL
4024,Income,Jessica,GS,500,487.94,SELL
4025,Income,Monica,GS,500,306.88,BUY
4026,Income,Shane,TSLA,500,183.82,BUY
4027,Income,Brian,TSLA,500,437.79,SELL
4028,ETF,Andrew,JPM,500,429.74,SELL
4029,ETF,Jasmine,AMZN,200,292.9,BUY
4030,Income,Joseph,JPM,500,364.35,SELL
4031,Growth,Jacob,AAPL,500,368.82,SELL
4032,Growth,Brian,AAPL,200,169.43,BUY
4033,ETF,Erika,TSLA,100,474.4,BUY
4034,Growth,Stephanie,JPM,200,257.53,BUY
4035,Growth,Patrick,MSFT,500,149.03,SELL
4036,Income,Lisa,JPM,100,367.13,BUY
4037,Growth,Lisa,GS,500,332.78,SELL
4038,Income,Robert,MSFT,100,246.71,BUY
4039,ETF,Rachel,GS,100,385.34,BUY
4040,ETF,John,NVDA,200,242.91,SELL
4041,ETF,Sandra,AMZN,100,266.67,SELL
4042,ETF,Eric,NVDA,100,219.14,SELL
4043,Income,Katherine,MSFT,100,143.57,SELL
4044,Income,Kellie,MSFT,100,353.55,SELL
4045,Income,Michael,NVDA,200,473.04,BUY
4046,ETF,Jacqueline,NVDA,200,372.4,BUY
4047,Income,Daniel,MSFT,200,309.72,BUY
4048,Income,Nicholas,AAPL,200,449.78,SELL
4049,ETF,Shannon,AAPL,200,399.1,BUY
4050,ETF,Daniel,MSFT,200,371.74,SELL
4051,Income,Emily,NVDA,500,115.94,BUY
4052,ETF,John,NVDA,100,315.34,SELL
4053,Income,Lydia,GS,200,407.02,SELL
4054,Growth,David,JPM,500,216.73,BUY
4055,Income,Keith,MSFT,100,187.13,BUY
4056,Growth,Paula,GS,500,150.3,BUY
4057,Growth,Donna,MSFT,200,220.19,SELL
4058,Income,Joshua,AMZN,200,344.16,SELL
4059,Income,Jennifer,TSLA,500,144.51,SELL
4060,Growth,Andrea,TSLA,200,390.4,BUY
4061,ETF,Joseph,TSLA,200,266.04,BUY
4062,ETF,Nicole,NVDA,100,293.15,BUY
4063,Income,Brooke,TSLA,100,182.32,BUY
4064,Growth,John,TSLA,200,324.24,BUY
4065,Income,April,AAPL,100,270.68,SELL
4066,Growth,Donna,MSFT,100,438.51,BUY
4067,ETF,Jacqueline,GS,500,226.42,SELL
4068,ETF,Jessica,JPM,200,78.1,BUY
4069,Income,William,GS,500,308.61,BUY
4070,ETF,Victoria,TSLA,200,90.02,SELL
4071,Growth,Martin,MSFT,200,275.68,BUY
4072,Income,Jeffrey,GS,200,241.19,BUY
4073,Income,John,TSLA,100,173.04,BUY
4074,ETF,Steven,GS,100,402.12,SELL
4075,Growth,Jesse,GS,200,119.79,BUY
4076,Growth,Brenda,JPM,100,330.98,SELL
4077,ETF,Nathan,MSFT,100,119.05,SELL
4078,Income,Renee,GS,100,149.16,BUY
4079,Income,Tony,JPM,200,436.4,SELL
4080,Growth,Christina,GS,100,76.79,SELL
4081,ETF,Charles,TSLA,500,297.92,BUY
4082,ETF,Mary,AMZN,500,351.29,SELL
4083,Growth,Melissa,AAPL,500,298.46,BUY
4084,ETF,Derek,MSFT,500,270.57,BUY
4085,Income,Jessica,AMZN,200,262.15,BUY
4086,Income,Wendy,TSLA,200,485.94,SELL
4087,ETF,Mariah,GS,100,336.79,BUY
4088,Growth,Karen,AAPL,100,376.87,BUY
4089,Growth,Brian,AAPL,100,370.29,SELL
4090,Growth,John,GS,500,246.94,BUY
4091,ETF,Anthony,NVDA,500,101.41,BUY
4092,ETF,Eric,GS,100,174.4,SELL
4093,ETF,Kelly,NVDA,100,477.08,BUY
4094,ETF,Meghan,AMZN,100,384.25,BUY
4095,Income,Sarah,GS,200,395.07,SELL
4096,ETF,Sara,NVDA,200,247.81,SELL
4097,Growth,Johnny,MSFT,100,183.03,BUY
4098,ETF,Jonathan,TSLA,500,146.63,SELL
4099,Income,Jason,GS,100,382.35,BUY
4100,ETF,Brittany,TSLA,100,100.74,BUY
4101,ETF,Matthew,JPM,100,399.18,SELL
4102,Income,Betty,AAPL,500,208.14,BUY
4103,Growth,Yvonne,JPM,500,424.98,BUY
4104,Growth,Thomas,TSLA,500,188.07,BUY
4105,ETF,Mark,AAPL,200,235.64,SELL
4106,Income,Michelle,TSLA,500,148.26,SELL
4107,ETF,Rachel,AAPL,100,404.07,SELL
4108,Income,Karen,AMZN,100,83.95,SELL
4109,ETF,Elizabeth,GS,100,384.15,BUY
4110,Growth,Anne,NVDA,100,407.54,SELL
4111,ETF,Antonio,GS,200,404.0,BUY
4112,Growth,Kristina,JPM,100,126.05,BUY
4113,Growth,Amanda,JPM,100,215.98,BUY
4114,ETF,Samantha,AAPL,100,314.02,BUY
4115,Income,Shannon,GS,500,173.99,BUY
4116,ETF,Bradley,AAPL,500,277.37,BUY
4117,Income,Madison,JPM,100,411.15,SELL
4118,Growth,Lauren,NVDA,500,253.91,SELL
4119,Income,Melissa,AMZN,200,59.14,BUY
4120,ETF,Charles,AAPL,200,202.62,BUY
4121,Growth,Tony,NVDA,200,336.24,SELL
4122,ETF,Christopher,JPM,100,220.34,SELL
4123,Growth,Vincent,AAPL,100,56.8,SELL
4124,Growth,Katherine,JPM,100,243.75,BUY
4125,Income,Rebecca,GS,500,139.41,BUY
4126,Income,Renee,NVDA,100,453.93,BUY
4127,Income,Tyler,AAPL,200,489.91,SELL
4128,Growth,Jonathan,AMZN,100,402.84,SELL
4129,ETF,Tyrone,NVDA,500,483.24,SELL
4130,ETF,Erika,AMZN,500,135.3,BUY
4131,Income,Felicia,NVDA,200,273.14,SELL
4132,Income,Emily,GS,500,152.43,SELL
4133,Growth,Emily,GS,500,67.43,SELL
4134,Growth,Dustin,AMZN,500,260.34,SELL
4135,Income,Laura,NVDA,500,251.48,SELL
4136,ETF,Gregory,GS,500,426.02,SELL
4137,Income,Lisa,NVDA,100,469.28,BUY
4138,ETF,Catherine,TSLA,200,129.5,BUY
4139,ETF,Benjamin,JPM,200,328.9,SELL
4140,Income,Christopher,NVDA,100,292.93,BUY
4141,Growth,Joshua,AAPL,500,455.27,SELL
4142,Income,Daniel,JPM,100,471.59,SELL
4143,Income,Nicholas,NVDA,500,261.54,BUY
4144,ETF,Shane,AMZN,200,287.5,BUY
4145,Growth,Melanie,AMZN,200,160.25,BUY
4146,Growth,John,AMZN,100,299.79,BUY
4147,Income,Lance,AAPL,200,479.71,SELL
4148,Growth,Amber,AMZN,500,496.6,SELL
4149,Income,Robert,TSLA,100,137.11,SELL
4150,ETF,Scott,MSFT,100,199.46,SELL
4151,ETF,Perry,MSFT,200,157.51,BUY
4152,Income,James,TSLA,500,173.07,BUY
4153,Income,Robert,AMZN,500,85.08,SELL
4154,Income,Kimberly,JPM,200,143.37,SELL
4155,Income,Rachel,AAPL,200,313.23,BUY
4156,Income,Ana,AAPL,500,418.52,SELL
4157,ETF,Patrick,AAPL,200,402.67,SELL
4158,ETF,Allison,GS,200,410.75,SELL
4159,ETF,Mark,AMZN,500,155.14,BUY
4160,Income,Jeremy,MSFT,200,96.7,SELL
4161,Growth,Tyler,TSLA,100,376.18,BUY
4162,ETF,Richard,AMZN,100,251.56,SELL
4163,Income,Annette,NVDA,200,445.17,BUY
4164,Growth,Nathan,AMZN,500,302.45,SELL
4165,ETF,Gina,TSLA,200,470.94,SELL
4166,ETF,Carlos,AMZN,500,469.98,SELL
4167,Income,Alex,MSFT,100,390.77,SELL
4168,Income,Austin,AAPL,200,59.74,BUY
4169,Income,Keith,MSFT,100,387.81,SELL
4170,Income,Scott,NVDA,200,94.82,BUY
4171,Income,Monica,MSFT,500,239.3,BUY
4172,Income,Megan,JPM,200,239.68,SELL
4173,ETF,Jake,JPM,100,429.43,BUY
4174,Income,David,TSLA,500,430.81,BUY
4175,Growth,Justin,JPM,500,319.15,BUY
4176,Income,Robin,NVDA,100,59.17,SELL
4177,Income,Scott,TSLA,500,244.05,SELL
4178,Income,William,TSLA,200,362.45,SELL
4179,Income,Raymond,NVDA,100,79.43,SELL
4180,Income,Autumn,NVDA,500,146.1,BUY
4181,ETF,Meghan,TSLA,500,435.95,SELL
4182,Growth,Amanda,TSLA,500,368.84,SELL
4183,ETF,James,NVDA,100,118.26,SELL
4184,ETF,Alan,AAPL,100,256.61,SELL
4185,Income,Alexander,TSLA,500,405.64,SELL
4186,Growth,Gloria,JPM,500,431.85,SELL
4187,Growth,Todd,AAPL,500,496.21,BUY
4188,Growth,Natalie,GS,100,399.65,BUY
4189,ETF,Robert,JPM,500,306.52,BUY
4190,ETF,Wyatt,AMZN,100,119.52,SELL
4191,Growth,Samuel,MSFT,100,255.92,BUY
4192,Growth,Tracy,AAPL,200,101.2,BUY
4193,Growth,Veronica,AMZN,500,50.52,BUY
4194,Growth,Sonya,TSLA,500,470.47,BUY
4195,Income,Kelly,NVDA,200,96.61,BUY
4196,Income,Jason,GS,100,170.26,SELL
4197,Growth,Angela,MSFT,100,117.43,SELL
4198,Income,Ryan,AMZN,200,290.12,BUY
4199,ETF,Kevin,NVDA,200,310.9,SELL
4200,Income,Megan,MSFT,200,157.96,SELL
4201,ETF,Carrie,NVDA,500,238.16,SELL
4202,Income,Linda,TSLA,200,222.2,SELL
4203,ETF,Kenneth,JPM,100,489.39,BUY
4204,Growth,Angela,AAPL,200,253.27,SELL
4205,Income,Amanda,GS,200,155.52,SELL
4206,Income,Meghan,TSLA,200,240.31,BUY
4207,Income,Dawn,JPM,100,391.36,SELL
4208,Income,Brandon,MSFT,500,402.61,BUY
4209,Income,Julia,JPM,500,325.91,BUY
4210,Growth,Adam,AAPL,200,460.83,SELL
4211,Growth,Heather,AMZN,200,393.61,SELL
4212,ETF,Kim,GS,100,353.75,SELL
4213,ETF,Lisa,NVDA,100,218.44,BUY
4214,Growth,Joseph,JPM,100,420.81,BUY
4215,Growth,Elizabeth,JPM,200,268.71,SELL
4216,Growth,Sean,NVDA,100,183.02,BUY
4217,Growth,Nichole,AMZN,200,116.33,BUY
4218,Growth,Rachael,GS,200,124.2,SELL
4219,Growth,Sheila,NVDA,200,451.9,SELL
4220,Growth,Sherry,AAPL,500,252.97,SELL
4221,Growth,Donna,AAPL,100,439.11,BUY
4222,Growth,Morgan,NVDA,500,362.03,SELL
4223,ETF,Brenda,NVDA,200,290.67,SELL
4224,Growth,Lawrence,TSLA,500,237.4,BUY
4225,ETF,Paul,JPM,200,493.07,SELL
4226,Income,Barbara,MSFT,200,282.19,SELL
4227,ETF,Michele,JPM,100,199.61,SELL
4228,ETF,Gabrielle,AMZN,100,309.49,SELL
4229,Income,Barbara,NVDA,500,324.36,BUY
4230,ETF,Jordan,MSFT,500,246.83,BUY
4231,ETF,Michelle,AAPL,200,340.0,SELL
4232,Growth,Kevin,AMZN,200,349.95,BUY
4233,Income,Shannon,AAPL,500,136.25,BUY
4234,ETF,Kathleen,AAPL,500,171.89,SELL
4235,ETF,Tom,TSLA,200,323.83,BUY
4236,Income,Timothy,JPM,100,180.62,BUY
4237,ETF,Chris,NVDA,500,357.02,BUY
4238,Income,Ralph,NVDA,500,413.78,SELL
4239,ETF,Jeffrey,GS,200,392.3,SELL
4240,ETF,Andrea,AMZN,200,250.01,BUY
4241,Growth,Jennifer,TSLA,500,344.19,SELL
4242,Growth,Sharon,JPM,500,184.19,BUY
4243,Income,Paul,AAPL,500,159.68,SELL
4244,Income,Connie,MSFT,500,479.43,BUY
4245,ETF,Jennifer,AAPL,100,428.99,SELL
4246,ETF,Danielle,JPM,200,258.59,SELL
4247,Growth,Angel,MSFT,200,166.59,SELL
4248,Income,Tanner,JPM,100,240.95,BUY
4249,Growth,Richard,JPM,100,401.38,BUY
4250,Income,Holly,MSFT,500,376.46,SELL
4251,Income,Kelly,GS,500,497.79,BUY
4252,Growth,William,TSLA,100,217.08,SELL
4253,Income,Wendy,TSLA,500,346.67,BUY
4254,Growth,Joyce,AAPL,100,190.56,SELL
4255,Income,Thomas,AAPL,500,316.03,SELL
4256,Growth,Johnny,NVDA,200,435.8,BUY
4257,ETF,Donald,MSFT,100,260.2,BUY
4258,Growth,Gregory,GS,500,447.45,SELL
4259,Growth,Megan,TSLA,500,278.84,BUY
4260,Income,Kimberly,NVDA,100,478.8,BUY
4261,Income,Maria,JPM,500,358.28,BUY
4262,Income,Michelle,NVDA,500,152.4,SELL
4263,ETF,Lynn,AAPL,100,408.32,BUY
4264,Income,Jeffrey,AMZN,100,474.04,BUY
4265,Growth,Ian,MSFT,100,197.44,SELL
4266,ETF,Sharon,AAPL,200,163.69,SELL
4267,ETF,Brian,AAPL,500,261.73,BUY
4268,Income,Jill,TSLA,200,248.84,SELL
4269,Income,Haley,AAPL,100,417.69,BUY
4270,Growth,Curtis,MSFT,100,226.1,SELL
4271,Income,Debbie,AAPL,500,418.64,BUY
4272,Income,Bradley,MSFT,200,95.34,SELL
4273,ETF,Scott,TSLA,200,187.25,SELL
4274,ETF,Stacy,TSLA,200,176.57,SELL
4275,Income,Bradley,AMZN,500,329.42,BUY
4276,Growth,Joshua,MSFT,500,237.16,BUY
4277,Income,Jill,TSLA,200,454.11,SELL
4278,ETF,Sierra,JPM,100,65.42,BUY
4279,ETF,Stephanie,JPM,100,479.88,BUY
4280,ETF,Eric,AAPL,500,183.75,BUY
4281,Growth,Zachary,MSFT,500,184.76,BUY
4282,Growth,Michael,AMZN,100,272.64,SELL
4283,Growth,Angela,TSLA,100,282.93,BUY
4284,ETF,Stephen,MSFT,500,188.96,BUY
4285,Income,Jorge,NVDA,500,197.15,SELL
4286,ETF,Kyle,AMZN,500,158.01,BUY
4287,ETF,Kimberly,AAPL,500,446.92,SELL
4288,Income,Jessica,MSFT,200,459.67,SELL
4289,Income,Kimberly,TSLA,200,124.73,BUY
4290,ETF,Joseph,GS,500,461.27,SELL
4291,Growth,Ryan,JPM,500,495.24,BUY
4292,Income,Valerie,AAPL,200,477.34,SELL
4293,Growth,Ernest,AMZN,200,282.01,SELL
4294,Growth,Thomas,AMZN,100,471.47,BUY
4295,Growth,Melissa,NVDA,200,329.76,BUY
4296,ETF,Margaret,AAPL,200,99.99,SELL
4297,Growth,Monica,TSLA,100,381.82,BUY
4298,Income,Christina,AMZN,100,264.81,SELL
4299,Growth,Andrew,MSFT,500,489.55,BUY
4300,ETF,Margaret,AMZN,200,68.25,SELL
4301,ETF,Madison,NVDA,200,202.98,BUY
4302,Income,Anne,NVDA,100,470.11,BUY
4303,ETF,Jessica,GS,100,452.1,BUY
4304,ETF,Joanna,GS,200,499.54,BUY
4305,ETF,Gerald,NVDA,100,123.29,BUY
4306,Income,John,AMZN,500,263.19,SELL
4307,Growth,Angela,TSLA,100,245.12,BUY
4308,ETF,Jeffrey,NVDA,200,488.7,SELL
4309,Income,Kelly,GS,500,129.3,SELL
4310,Income,Frank,GS,100,291.63,SELL
4311,ETF,Anthony,GS,100,160.29,SELL
4312,Growth,Vanessa,GS,100,220.47,BUY
4313,ETF,Brenda,MSFT,100,56.96,BUY
4314,Income,Bryan,AMZN,500,378.99,SELL
4315,Income,John,JPM,100,63.38,SELL
4316,Income,Barbara,TSLA,200,265.7,BUY
4317,ETF,Bonnie,TSLA,200,137.06,SELL
4318,ETF,Ronald,NVDA,100,251.54,SELL
4319,ETF,Matthew,TSLA,100,158.99,BUY
4320,ETF,Kelli,AAPL,500,208.23,BUY
4321,Income,Christine,AAPL,100,255.73,BUY
4322,Growth,Eric,AMZN,200,392.9,SELL
4323,ETF,Jenny,AAPL,200,368.3,BUY
4324,Income,Barbara,TSLA,200,112.07,BUY
4325,Income,Mary,GS,500,436.72,BUY
4326,Growth,Debra,GS,100,199.66,BUY
4327,Income,David,NVDA,500,326.61,SELL
4328,Income,Gabriella,AAPL,500,79.53,BUY
4329,Growth,Marc,NVDA,200,128.58,BUY
4330,Growth,Patricia,AMZN,200,413.42,BUY
4331,Income,Kristen,GS,200,254.01,SELL
4332,ETF,Julie,GS,100,183.65,BUY
4333,ETF,Connor,GS,500,245.38,SELL
4334,ETF,Emily,GS,100,466.43,SELL
4335,Growth,Monica,TSLA,100,468.64,BUY
4336,Growth,Tiffany,MSFT,100,281.53,BUY
4337,Growth,Nancy,TSLA,200,302.38,BUY
4338,Growth,Veronica,JPM,200,66.52,BUY
4339,ETF,Jacqueline,TSLA,500,348.79,SELL
4340,Income,Rachel,NVDA,100,342.52,SELL
4341,Income,Jessica,AMZN,200,246.73,SELL
4342,ETF,Meredith,JPM,200,54.31,SELL
4343,ETF,Keith,JPM,200,415.98,BUY
4344,ETF,Kimberly,JPM,200,78.95,SELL
4345,Growth,Matthew,TSLA,200,328.9,BUY
4346,ETF,Sierra,TSLA,200,79.55,BUY
4347,Income,Diana,GS,200,465.1,BUY
4348,ETF,Jeffrey,GS,500,192.21,BUY
4349,Income,Maria,MSFT,100,159.64,BUY
4350,ETF,Amanda,TSLA,500,464.91,BUY
4351,ETF,Jamie,AAPL,500,228.8,SELL
4352,Income,Cassandra,NVDA,500,222.01,SELL
4353,Growth,Larry,AMZN,200,270.11,SELL
4354,Growth,Brian,NVDA,100,117.16,BUY
4355,Growth,Jerry,AAPL,200,346.27,SELL
4356,ETF,Jonathan,JPM,200,277.91,SELL
4357,Growth,Jose,JPM,500,250.05,SELL
4358,Growth,Isabella,GS,200,276.03,BUY
4359,Growth,Carolyn,NVDA,500,129.13,BUY
4360,Growth,Andrea,AAPL,100,237.14,BUY
4361,Income,Donna,GS,500,177.24,SELL
4362,ETF,Cody,GS,500,55.54,SELL
4363,ETF,Diane,NVDA,500,244.9,BUY
4364,Income,Elizabeth,TSLA,200,207.02,SELL
4365,Income,Samantha,JPM,200,372.09,BUY
4366,ETF,Jill,MSFT,100,71.78,SELL
4367,Income,Jodi,MSFT,200,168.66,BUY
4368,ETF,Michele,NVDA,100,404.62,BUY
4369,Growth,Rebekah,TSLA,200,109.7,SELL
4370,Income,Wanda,GS,500,292.27,SELL
4371,Growth,Richard,AAPL,200,69.42,BUY
4372,Growth,Amanda,AMZN,500,464.49,BUY
4373,Income,Rachel,TSLA,200,69.96,BUY
4374,Income,William,AMZN,200,294.04,BUY
4375,ETF,Timothy,TSLA,100,391.15,SELL
4376,ETF,Patrick,TSLA,100,169.6,BUY
4377,ETF,Victor,JPM,500,466.3,SELL
4378,Income,Robert,AAPL,200,269.24,BUY
4379,ETF,Scott,MSFT,200,232.81,SELL
4380,ETF,Dennis,NVDA,200,350.98,BUY
4381,Growth,Ryan,MSFT,100,261.52,BUY
4382,Income,Aaron,AAPL,100,282.21,SELL
4383,Growth,Cassandra,NVDA,200,337.06,SELL
4384,ETF,Anthony,GS,500,444.37,BUY
4385,ETF,Erin,JPM,100,383.88,BUY
4386,Income,Roger,TSLA,500,322.72,BUY
4387,Income,Nicholas,AMZN,200,264.77,SELL
4388,ETF,Jennifer,TSLA,500,134.63,BUY
4389,Income,Matthew,AAPL,500,195.09,SELL
4390,Growth,Jessica,TSLA,200,390.86,BUY
4391,Income,Katie,TSLA,100,294.65,BUY
4392,ETF,Sean,AMZN,500,458.99,BUY
4393,ETF,Amanda,JPM,100,335.25,SELL
4394,ETF,Roger,AAPL,500,115.25,BUY
4395,Income,Andrew,AMZN,100,417.21,SELL
4396,Growth,Bethany,MSFT,500,305.67,SELL
4397,Income,Zachary,MSFT,100,215.27,SELL
4398,ETF,Jennifer,MSFT,500,413.59,SELL
4399,ETF,Bridget,MSFT,500,69.47,BUY
4400,ETF,Jonathan,AMZN,100,134.89,BUY
4401,ETF,Tamara,GS,200,257.34,BUY
4402,ETF,Jeremy,MSFT,500,442.78,BUY
4403,ETF,Robert,TSLA,500,121.93,SELL
4404,Income,Hunter,GS,500,193.62,SELL
4405,Growth,Kristy,TSLA,500,238.52,SELL
4406,ETF,Keith,TSLA,200,232.76,BUY
4407,ETF,Linda,NVDA,500,380.84,BUY
4408,ETF,Jeremy,TSLA,500,418.63,BUY
4409,Income,Curtis,AAPL,200,370.84,BUY
4410,Income,Evan,AAPL,200,214.88,SELL
4411,Growth,Traci,AMZN,200,356.43,BUY
4412,Income,Dennis,JPM,500,303.59,BUY
4413,ETF,Marcus,AAPL,500,356.77,SELL
4414,Income,Ashley,AMZN,500,465.84,BUY
4415,ETF,Kristine,JPM,200,349.64,SELL
4416,ETF,Justin,AAPL,100,377.53,SELL
4417,Income,Andrew,AMZN,200,155.62,SELL
4418,ETF,Theresa,NVDA,100,290.8,BUY
4419,Growth,Harry,JPM,500,245.11,BUY
4420,ETF,Laurie,AMZN,500,52.96,BUY
4421,Income,Charlene,TSLA,100,211.42,BUY
4422,Income,Jacob,MSFT,100,423.43,BUY
4423,ETF,Timothy,AMZN,200,424.87,SELL
4424,ETF,Rachel,AAPL,100,207.82,BUY
4425,Growth,Leslie,AMZN,200,137.22,SELL
4426,Income,Zachary,AMZN,500,86.78,SELL
4427,Growth,Anna,JPM,100,135.72,BUY
4428,Growth,Theresa,AMZN,200,124.48,BUY
4429,ETF,Justin,AMZN,100,170.41,SELL
4430,ETF,Elizabeth,NVDA,100,409.76,BUY
4431,Growth,Brian,JPM,500,231.45,BUY
4432,Income,Matthew,TSLA,100,466.16,BUY
4433,Growth,Joseph,AAPL,200,272.75,BUY
4434,Growth,Michael,MSFT,500,140.46,SELL
4435,Growth,Amy,TSLA,200,170.85,BUY
4436,Growth,Cheryl,GS,500,328.74,BUY
4437,Growth,Matthew,AAPL,200,462.7,BUY
4438,Income,Hannah,NVDA,100,473.96,BUY
4439,Income,Crystal,TSLA,200,429.39,SELL
4440,ETF,Melissa,TSLA,100,51.5,BUY
4441,ETF,Kayla,JPM,100,212.74,BUY
4442,ETF,Amanda,JPM,500,428.98,BUY
4443,Growth,Andrea,NVDA,100,124.43,SELL
4444,Income,Kari,JPM,500,379.05,BUY
4445,Income,Natalie,AMZN,200,239.08,SELL
4446,Income,Kim,JPM,500,311.86,SELL
4447,Growth,Kevin,NVDA,200,328.82,BUY
4448,Growth,Rebecca,GS,100,455.27,SELL
4449,Growth,Lindsey,TSLA,100,89.44,BUY
4450,ETF,Joshua,TSLA,500,73.61,BUY
4451,ETF,Jacob,AAPL,200,115.29,BUY
4452,Growth,Brian,AAPL,100,283.21,SELL
4453,ETF,William,AAPL,200,269.58,BUY
4454,Income,Cassandra,NVDA,200,236.91,BUY
4455,Growth,Natalie,AAPL,100,271.81,SELL
4456,Income,Kimberly,MSFT,500,248.2,SELL
4457,Growth,Kathy,AMZN,500,459.59,SELL
4458,Income,Daniel,AMZN,200,393.25,SELL
4459,Growth,Victoria,AAPL,500,187.49,SELL
4460,Income,Sheila,GS,100,264.16,SELL
4461,Income,Charles,GS,100,70.63,SELL
4462,ETF,Stacey,AMZN,200,451.74,SELL
4463,ETF,Sara,TSLA,100,286.21,BUY
4464,ETF,Lisa,JPM,200,382.43,BUY
4465,Growth,Jennifer,MSFT,100,74.18,SELL
4466,Income,Kelli,AAPL,100,241.31,SELL
4467,ETF,Christopher,TSLA,500,178.58,SELL
4468,Growth,Joshua,TSLA,100,268.79,SELL
4469,Income,James,JPM,500,169.72,BUY
4470,Income,Kayla,JPM,500,396.38,SELL
4471,Income,Carlos,MSFT,500,194.01,BUY
4472,ETF,Shannon,NVDA,500,209.15,SELL
4473,ETF,Charles,AMZN,500,152.86,BUY
4474,Growth,Tom,NVDA,500,301.69,BUY
4475,Growth,Alexa,AMZN,200,332.03,BUY
4476,ETF,Gerald,AMZN,500,157.94,BUY
4477,Income,Vicki,NVDA,100,251.81,SELL
4478,ETF,Timothy,JPM,200,362.92,SELL
4479,Income,Paul,NVDA,100,292.64,BUY
4480,Growth,Nichole,AAPL,200,207.37,SELL
4481,Growth,Donna,NVDA,100,378.38,SELL
4482,Income,Michael,AMZN,200,81.96,BUY
4483,Growth,Gregory,JPM,100,80.43,SELL
4484,Income,Benjamin,TSLA,500,318.56,BUY
4485,ETF,Tiffany,TSLA,500,107.22,BUY
4486,Growth,Gabrielle,GS,100,221.09,SELL
4487,Growth,Chris,AMZN,200,50.07,BUY
4488,ETF,Jacqueline,AAPL,500,329.94,SELL
4489,Income,Michael,AAPL,100,261.9,BUY
4490,Income,John,TSLA,200,373.16,SELL
4491,Growth,Stephanie,TSLA,100,312.23,BUY
4492,ETF,James,TSLA,500,216.28,SELL
4493,Growth,William,AMZN,100,169.16,SELL
4494,Income,Lisa,GS,200,149.06,BUY
4495,Income,Jesus,AAPL,500,220.4,SELL
4496,Growth,Christina,AMZN,200,496.59,SELL
4497,Income,Michael,AMZN,500,132.14,BUY
4498,Income,Matthew,MSFT,100,260.6,BUY
4499,Growth,Tamara,AMZN,200,265.37,SELL
4500,Income,Thomas,GS,200,494.58,SELL
4501,Income,Travis,JPM,500,409.17,SELL
4502,Income,Denise,MSFT,500,128.47,BUY
4503,Growth,Sean,TSLA,500,335.82,BUY
4504,ETF,Tyler,TSLA,500,308.86,BUY
4505,Growth,Alexander,AMZN,500,475.11,BUY
4506,Income,Brian,GS,500,433.56,SELL
4507,Income,Chloe,AMZN,100,180.36,BUY
4508,Income,Wesley,MSFT,200,263.43,BUY
4509,ETF,Joshua,GS,100,211.9,BUY
4510,Growth,Carolyn,JPM,200,425.84,SELL
4511,Growth,Taylor,NVDA,500,100.03,SELL
4512,ETF,Jennifer,AAPL,200,163.35,BUY
4513,Growth,Brittany,GS,500,248.58,SELL
4514,Income,Jennifer,JPM,100,347.98,BUY
4515,Growth,Alexandra,AAPL,200,117.77,BUY
4516,ETF,Heather,TSLA,200,417.86,BUY
4517,ETF,Leslie,MSFT,100,72.22,BUY
4518,Growth,Amanda,TSLA,100,332.18,SELL
4519,ETF,Christy,GS,500,74.97,BUY
4520,Income,Aaron,GS,500,326.04,BUY
4521,ETF,Melissa,AAPL,200,84.33,BUY
4522,Growth,Jessica,TSLA,500,389.3,SELL
4523,Income,Kevin,AAPL,500,317.41,SELL
4524,Growth,Katherine,AMZN,500,135.27,SELL
4525,ETF,Andrew,TSLA,500,156.45,BUY
4526,ETF,Joy,AAPL,100,284.29,BUY
4527,Income,Zachary,AAPL,200,82.31,BUY
4528,Income,Deanna,JPM,200,364.11,BUY
4529,Growth,James,NVDA,100,264.95,SELL
4530,Growth,Ronald,AMZN,100,317.24,BUY
4531,Growth,Christopher,TSLA,200,84.31,SELL
4532,Growth,Brenda,MSFT,200,226.62,SELL
4533,Income,Brandon,JPM,100,474.95,BUY
4534,Income,Michael,JPM,500,328.36,SELL
4535,ETF,Michael,JPM,500,389.31,SELL
4536,Growth,Derrick,MSFT,200,149.5,SELL
4537,Income,Bobby,GS,500,224.74,SELL
4538,Income,Ashley,GS,100,356.77,BUY
4539,Growth,Claudia,JPM,200,55.55,BUY
4540,ETF,Pamela,AAPL,200,220.51,SELL
4541,Growth,Beth,GS,100,456.61,SELL
4542,Income,Dakota,AAPL,200,97.21,SELL
4543,Growth,Donna,TSLA,100,211.5,BUY
4544,Income,Justin,GS,100,372.91,SELL
4545,Income,Thomas,AMZN,200,202.72,SELL
4546,Income,Scott,TSLA,100,464.01,BUY
4547,Growth,Kimberly,NVDA,100,375.23,BUY
4548,ETF,Nicole,AMZN,500,125.01,BUY
4549,Income,Nicholas,TSLA,100,110.1,BUY
4550,ETF,Michael,AMZN,100,425.06,BUY
4551,Income,Brandon,TSLA,200,347.77,BUY
4552,ETF,Alexander,MSFT,500,237.67,SELL
4553,Growth,Gabrielle,TSLA,500,252.9,BUY
4554,Income,Tracey,MSFT,100,480.37,SELL
4555,Income,Connie,MSFT,500,392.86,SELL
4556,ETF,Stephanie,NVDA,200,274.84,SELL
4557,ETF,Tammy,AAPL,200,472.83,BUY
4558,Income,Joseph,NVDA,100,190.43,SELL
4559,Growth,James,NVDA,500,83.79,BUY
4560,Income,Timothy,AMZN,500,99.23,SELL
4561,Growth,Debra,NVDA,100,207.49,SELL
4562,Income,Benjamin,AAPL,200,478.63,SELL
4563,Growth,Eric,GS,200,115.66,BUY
4564,Growth,Breanna,NVDA,100,220.73,BUY
4565,ETF,Heidi,MSFT,500,360.55,SELL
4566,ETF,Kyle,JPM,100,426.44,SELL
4567,Income,Keith,AAPL,500,260.05,BUY
4568,Growth,Eric,GS,100,252.06,SELL
4569,Income,James,TSLA,100,86.68,BUY
4570,Growth,Kimberly,AAPL,200,149.24,BUY
4571,Growth,Deanna,TSLA,500,488.23,SELL
4572,Growth,Lucas,AAPL,500,124.93,BUY
4573,ETF,Mark,NVDA,200,160.59,SELL
4574,Income,Carla,MSFT,100,414.07,SELL
4575,Growth,Zachary,NVDA,100,356.33,BUY
4576,ETF,Debra,AMZN,100,61.59,BUY
4577,Growth,Joe,AAPL,100,267.66,BUY
4578,Income,Bryce,AMZN,200,80.81,BUY
4579,Growth,Devin,TSLA,100,158.84,BUY
4580,Income,Timothy,AAPL,100,141.99,SELL
4581,Income,Samuel,TSLA,500,370.0,SELL
4582,Growth,Alexa,AAPL,500,349.08,SELL
4583,ETF,Megan,TSLA,100,449.83,SELL
4584,Income,Michael,GS,200,434.18,BUY
4585,ETF,Jose,JPM,200,447.93,SELL
4586,ETF,Kristy,JPM,200,175.51,BUY
4587,Income,Jason,GS,200,241.14,BUY
4588,Growth,Kevin,AAPL,200,120.19,SELL
4589,Growth,Jacqueline,NVDA,500,130.91,SELL
4590,Growth,Steven,AMZN,200,211.96,BUY
4591,Growth,Jason,NVDA,500,193.99,SELL
4592,Growth,Rebecca,AAPL,100,97.21,SELL
4593,Growth,Ashley,TSLA,200,137.18,BUY
4594,ETF,Vanessa,NVDA,100,497.27,SELL
4595,Income,Wendy,AAPL,100,422.12,SELL
4596,Income,Christopher,GS,100,76.66,SELL
4597,Growth,Susan,GS,500,142.85,BUY
4598,Growth,April,JPM,500,438.11,BUY
4599,Income,Jesus,AMZN,100,473.1,BUY
4600,Growth,Cory,AAPL,500,112.89,BUY
4601,Income,Jennifer,AMZN,100,312.18,SELL
4602,Income,Cynthia,GS,200,477.96,SELL
4603,Income,Laura,MSFT,100,256.08,SELL
4604,ETF,Felicia,MSFT,500,443.79,BUY
4605,ETF,Greg,GS,200,88.59,SELL
4606,Income,Joseph,AMZN,500,76.12,BUY
4607,Growth,Karen,MSFT,200,257.2,BUY
4608,Growth,Robert,NVDA,200,158.94,BUY
4609,Income,Jacqueline,AAPL,200,374.56,BUY
4610,ETF,Carrie,MSFT,200,311.63,SELL
4611,Growth,Kevin,MSFT,500,486.87,BUY
4612,Growth,Scott,AMZN,100,288.74,BUY
4613,Growth,Bryan,GS,100,403.07,SELL
4614,Income,Jonathan,AMZN,200,144.76,BUY
4615,Growth,Timothy,AMZN,200,204.95,BUY
4616,ETF,Linda,MSFT,200,479.75,BUY
4617,Growth,Ashley,TSLA,200,209.42,BUY
4618,Income,Paul,JPM,200,467.93,BUY
4619,Income,Charles,AAPL,500,140.41,BUY
4620,Income,Michelle,TSLA,500,471.13,BUY
4621,Income,Benjamin,NVDA,100,398.03,SELL
4622,ETF,Steven,MSFT,200,468.24,SELL
4623,ETF,Douglas,NVDA,100,350.77,SELL
4624,Income,Eric,NVDA,500,201.8,SELL
4625,Growth,Tanya,NVDA,200,392.91,BUY
4626,Income,Carlos,MSFT,500,412.63,BUY
4627,Income,Ashley,TSLA,200,353.23,BUY
4628,ETF,Ann,NVDA,500,131.22,BUY
4629,Income,Melanie,GS,100,128.19,BUY
4630,Income,Sherry,MSFT,500,454.14,BUY
4631,ETF,Mark,MSFT,200,410.0,BUY
4632,Growth,Brenda,AMZN,100,64.56,SELL
4633,Growth,Alex,TSLA,500,480.62,SELL
4634,Growth,Lisa,NVDA,100,202.23,SELL
4635,ETF,Brad,GS,200,241.09,SELL
4636,Growth,Morgan,TSLA,200,149.69,BUY
4637,Income,Lacey,JPM,100,176.91,BUY
4638,Growth,Russell,AMZN,500,247.98,BUY
4639,ETF,Kristin,GS,100,281.52,SELL
4640,Income,Ryan,AAPL,200,490.43,SELL
4641,Income,Kevin,TSLA,500,465.86,SELL
4642,Growth,Kaylee,NVDA,500,349.83,BUY
4643,ETF,Richard,TSLA,200,394.11,BUY
4644,Income,Ryan,GS,200,490.53,BUY
4645,ETF,Walter,MSFT,500,188.11,SELL
4646,Income,Mia,TSLA,500,498.07,BUY
4647,Income,Marie,JPM,500,340.67,SELL
4648,ETF,Heather,GS,100,160.9,SELL
4649,Growth,Darlene,AAPL,200,128.87,SELL
4650,ETF,Sean,AAPL,500,156.48,BUY
4651,ETF,Robert,NVDA,200,268.08,SELL
4652,ETF,Sarah,AMZN,100,482.85,BUY
4653,Income,John,JPM,500,355.23,BUY
4654,Income,Melissa,JPM,200,203.11,BUY
4655,ETF,Amanda,GS,500,312.54,BUY
4656,Growth,Carla,GS,500,302.53,SELL
4657,ETF,Ryan,JPM,200,359.38,SELL
4658,ETF,Brianna,JPM,500,241.52,SELL
4659,Income,James,AAPL,100,391.64,SELL
4660,Growth,Mary,AMZN,100,88.7,SELL
4661,Growth,Philip,JPM,100,116.34,SELL
4662,Growth,Stephen,GS,200,71.39,SELL
4663,Income,Benjamin,AMZN,200,449.24,BUY
4664,Income,Rachel,TSLA,500,357.63,SELL
4665,Income,Mark,NVDA,500,392.67,SELL
4666,ETF,Cynthia,TSLA,200,65.36,SELL
4667,Growth,Rita,MSFT,100,351.76,BUY
4668,Growth,David,GS,500,468.14,SELL
4669,Growth,Valerie,GS,500,92.96,BUY
4670,Growth,Richard,AMZN,200,212.07,SELL
4671,Income,Rebecca,JPM,200,69.52,SELL
4672,ETF,Charlene,AAPL,500,217.08,BUY
4673,Income,Dawn,GS,200,451.99,SELL
4674,ETF,Cynthia,JPM,500,267.43,BUY
4675,ETF,Richard,JPM,500,486.93,BUY
4676,Income,Cody,MSFT,500,138.07,BUY
4677,Growth,Hannah,NVDA,100,67.97,SELL
4678,Growth,Michael,GS,500,318.83,SELL
4679,ETF,Joseph,NVDA,200,365.8,BUY
4680,Income,Andrew,JPM,200,151.43,BUY
4681,ETF,Jamie,GS,500,369.03,SELL
4682,Growth,Heather,AAPL,500,369.05,BUY
4683,ETF,Lacey,AMZN,200,232.2,BUY
4684,ETF,Matthew,AMZN,100,384.59,BUY
4685,Growth,Christopher,JPM,200,315.19,SELL
4686,Growth,Ariana,MSFT,100,210.69,SELL
4687,Income,Joan,MSFT,500,80.05,SELL
4688,Growth,Regina,MSFT,200,203.9,SELL
4689,Growth,Joseph,GS,100,172.94,BUY
4690,ETF,Brian,NVDA,200,380.46,BUY
4691,Growth,Brandon,GS,200,419.72,BUY
4692,Growth,David,AAPL,500,460.35,BUY
4693,ETF,Tamara,NVDA,500,203.44,BUY
4694,ETF,Christopher,AAPL,100,381.9,SELL
4695,ETF,Jamie,TSLA,100,333.72,BUY
4696,ETF,Michael,GS,500,247.46,BUY
4697,Income,Pamela,JPM,100,147.55,SELL
4698,ETF,Alexandra,AAPL,100,406.25,BUY
4699,ETF,Adam,MSFT,500,485.46,SELL
4700,Growth,Angelica,MSFT,500,168.27,BUY
4701,Growth,Anna,GS,100,403.36,SELL
4702,ETF,Erin,MSFT,200,103.85,SELL
4703,Income,Isabel,NVDA,100,450.73,SELL
4704,ETF,Hannah,JPM,500,481.0,SELL
4705,ETF,Lisa,AMZN,500,361.21,BUY
4706,ETF,Kathleen,TSLA,500,153.46,BUY
4707,Growth,Nicole,JPM,100,469.02,BUY
4708,Income,Loretta,JPM,500,494.46,BUY
4709,Growth,Timothy,AAPL,500,207.86,BUY
4710,Growth,Tony,AAPL,200,81.23,BUY
4711,Growth,Christine,TSLA,200,203.77,BUY
4712,Income,Glenn,TSLA,200,381.76,BUY
4713,ETF,Michael,JPM,200,261.44,SELL
4714,Growth,Kimberly,GS,200,268.44,SELL
4715,ETF,Michael,JPM,100,269.54,SELL
4716,ETF,Manuel,TSLA,200,98.14,SELL
4717,ETF,Jessica,AMZN,200,454.25,SELL
4718,Growth,Tammy,AMZN,200,286.04,BUY
4719,ETF,James,TSLA,200,166.44,BUY
4720,Growth,Matthew,MSFT,500,66.7,SELL
4721,Income,Amy,TSLA,200,153.52,BUY
4722,Income,Vanessa,TSLA,500,204.99,BUY
4723,Income,Michaela,GS,100,177.07,BUY
4724,Income,Aaron,GS,100,454.42,BUY
4725,Income,Christopher,TSLA,500,65.36,BUY
4726,ETF,Jesse,GS,100,227.15,SELL
4727,ETF,Richard,GS,500,350.97,SELL
4728,ETF,Mark,TSLA,200,389.86,BUY
4729,ETF,Melanie,MSFT,500,396.29,SELL
4730,Income,Erica,MSFT,500,253.05,SELL
4731,Growth,Kyle,AMZN,500,352.11,BUY
4732,ETF,Jennifer,NVDA,200,192.26,BUY
4733,Income,Veronica,TSLA,200,161.59,SELL
4734,Income,Ronald,TSLA,100,316.56,SELL
4735,Growth,Lauren,GS,100,322.8,BUY
4736,ETF,George,AMZN,200,200.95,BUY
4737,Income,Sarah,TSLA,200,402.21,SELL
4738,Growth,George,AMZN,200,138.07,SELL
4739,Growth,Gloria,AMZN,100,419.95,BUY
4740,Growth,Heidi,GS,200,177.33,BUY
4741,Growth,Sherry,AAPL,200,52.56,BUY
4742,Income,Erica,AAPL,100,284.6,SELL
4743,ETF,Paul,GS,200,142.48,BUY
4744,Growth,Robert,AAPL,500,86.29,SELL
4745,Income,Anna,AMZN,200,268.85,SELL
4746,Income,Eric,GS,100,351.85,SELL
4747,ETF,Kenneth,AAPL,500,200.0,SELL
4748,Growth,Sarah,NVDA,100,198.18,BUY
4749,Income,Christopher,TSLA,500,55.46,BUY
4750,Income,Laura,AAPL,200,161.36,BUY
4751,Income,Sandy,TSLA,500,401.85,SELL
4752,ETF,Anthony,GS,100,143.97,BUY
4753,Growth,William,AAPL,100,138.94,BUY
4754,ETF,Richard,TSLA,100,131.9,SELL
4755,ETF,Matthew,NVDA,500,84.97,BUY
4756,Income,Deanna,GS,200,91.89,SELL
4757,Income,Alexandria,GS,100,194.93,SELL
4758,ETF,Thomas,GS,500,121.57,BUY
4759,ETF,Desiree,AMZN,500,271.71,SELL
4760,ETF,Cheryl,TSLA,200,223.81,SELL
4761,ETF,Timothy,GS,200,357.84,BUY
4762,Growth,Bryan,JPM,100,91.28,SELL
4763,ETF,Steven,TSLA,500,225.31,BUY
4764,Income,Tonya,MSFT,500,261.19,SELL
4765,ETF,Connor,GS,100,89.32,SELL
4766,ETF,Michael,GS,500,223.37,BUY
4767,Income,Tammy,AAPL,100,415.67,BUY
4768,ETF,Craig,MSFT,500,413.79,BUY
4769,ETF,Clinton,MSFT,500,134.32,BUY
4770,Growth,Nancy,AMZN,200,384.46,BUY
4771,ETF,Ryan,GS,500,370.52,SELL
4772,ETF,Miranda,GS,200,274.0,SELL
4773,Income,Tricia,AMZN,500,243.13,BUY
4774,ETF,Dennis,GS,200,437.41,SELL
4775,Income,John,NVDA,200,410.49,BUY
4776,Income,Tony,TSLA,200,250.78,BUY
4777,Growth,Elaine,NVDA,200,451.73,BUY
4778,Income,Clinton,TSLA,200,335.03,SELL
4779,ETF,Ryan,GS,500,160.67,BUY
4780,Growth,Robin,AMZN,100,475.56,BUY
4781,Income,Michael,GS,100,207.5,SELL
4782,Income,John,JPM,500,397.35,SELL
4783,Income,Timothy,AMZN,100,135.53,SELL
4784,Growth,Craig,GS,200,243.85,SELL
4785,Growth,Chelsea,JPM,200,474.66,BUY
4786,Income,Robert,NVDA,500,126.51,SELL
4787,Income,Jessica,GS,100,223.34,SELL
4788,Growth,Kelli,AMZN,200,470.86,SELL
4789,Growth,Wesley,MSFT,200,353.29,BUY
4790,Growth,Tina,AAPL,100,420.32,SELL
4791,Growth,Anthony,MSFT,200,334.31,SELL
4792,ETF,Joanna,NVDA,100,256.79,BUY
4793,ETF,Heather,MSFT,200,470.89,SELL
4794,ETF,Meredith,MSFT,100,408.09,SELL
4795,Income,Jason,AMZN,500,85.22,BUY
4796,Growth,James,NVDA,100,464.25,BUY
4797,Income,Lisa,NVDA,200,463.18,BUY
4798,Growth,Kevin,NVDA,500,254.44,BUY
4799,Growth,Danielle,TSLA,100,464.96,SELL
4800,Income,Amanda,JPM,200,162.94,SELL
4801,Growth,Mark,JPM,500,391.6,BUY
4802,Growth,Michael,TSLA,500,58.76,SELL
4803,Growth,Leon,NVDA,500,75.45,SELL
4804,ETF,Paul,TSLA,500,250.0,BUY
4805,Income,Zachary,AMZN,500,453.84,BUY
4806,ETF,David,TSLA,500,228.3,SELL
4807,ETF,Lisa,MSFT,200,310.27,BUY
4808,Growth,John,AAPL,500,218.38,SELL
4809,Growth,Susan,AMZN,500,134.88,BUY
4810,ETF,Ashley,NVDA,500,216.37,BUY
4811,ETF,Patricia,JPM,200,100.04,SELL
4812,Income,Vincent,JPM,100,414.88,BUY
4813,ETF,Christopher,AMZN,500,179.72,SELL
4814,ETF,Lisa,AAPL,100,293.61,BUY
4815,Income,Alexander,GS,500,331.23,BUY
4816,Growth,Rebecca,AMZN,500,437.09,BUY
4817,ETF,Alyssa,TSLA,500,446.96,BUY
4818,Income,Yvette,GS,100,497.98,SELL
4819,ETF,Rachel,NVDA,500,123.37,SELL
4820,Income,Jeremy,JPM,500,470.75,BUY
4821,ETF,Kyle,AMZN,500,139.19,SELL
4822,Growth,Amanda,AMZN,100,105.16,SELL
4823,Income,Phillip,TSLA,200,316.36,SELL
4824,Income,Suzanne,TSLA,500,476.28,BUY
4825,Growth,Gregory,AMZN,200,91.31,SELL
4826,Growth,Miguel,AMZN,100,192.64,BUY
4827,Income,Anna,AAPL,500,390.15,BUY
4828,ETF,April,JPM,100,70.09,SELL
4829,Growth,Samantha,TSLA,100,364.03,SELL
4830,Income,Joshua,JPM,500,105.02,BUY
4831,ETF,Eric,MSFT,200,275.78,BUY
4832,Growth,Philip,TSLA,100,120.52,SELL
4833,Growth,Jose,TSLA,200,444.08,BUY
4834,ETF,Sabrina,AMZN,200,63.2,SELL
4835,ETF,Alexandra,GS,100,413.33,BUY
4836,Income,Marisa,AAPL,500,469.67,SELL
4837,ETF,Mary,AAPL,500,89.45,SELL
4838,ETF,Luke,AAPL,500,283.36,BUY
4839,Income,Anthony,AMZN,200,225.62,BUY
4840,Growth,Ryan,MSFT,500,295.87,BUY
4841,Growth,Rodney,GS,200,277.48,BUY
4842,Income,Monica,NVDA,100,209.07,SELL
4843,Income,Kenneth,NVDA,200,102.43,BUY
4844,Income,Jason,AAPL,100,131.74,BUY
4845,ETF,Carla,GS,500,355.16,SELL
4846,ETF,Sydney,AMZN,200,130.73,SELL
4847,Growth,Christopher,JPM,500,91.79,SELL
4848,ETF,Samuel,TSLA,500,472.86,BUY
4849,Income,Lisa,JPM,100,483.43,SELL
4850,Growth,James,AMZN,100,362.94,SELL
4851,ETF,Patrick,MSFT,100,143.29,BUY
4852,Income,Kyle,MSFT,200,235.37,BUY
4853,ETF,Elizabeth,AAPL,200,434.97,SELL
4854,ETF,Michael,MSFT,200,178.71,SELL
4855,ETF,Heidi,TSLA,100,241.18,BUY
4856,ETF,Mark,TSLA,200,187.53,SELL
4857,Growth,Anthony,TSLA,500,283.98,SELL
4858,ETF,Brittney,AMZN,500,141.32,SELL
4859,Income,Caleb,GS,100,453.73,BUY
4860,Growth,David,GS,200,395.02,BUY
4861,Growth,James,NVDA,200,78.58,BUY
4862,Income,Kristen,MSFT,100,63.53,SELL
4863,ETF,James,NVDA,100,467.24,SELL
4864,Income,Linda,JPM,100,152.23,BUY
4865,ETF,Nicholas,NVDA,200,250.39,BUY
4866,Growth,Michael,AAPL,100,227.01,BUY
4867,ETF,Julie,NVDA,200,407.68,SELL
4868,ETF,Stephen,JPM,200,217.41,SELL
4869,Growth,Amy,TSLA,500,145.29,SELL
4870,ETF,Jennifer,GS,500,218.05,SELL
4871,ETF,Nathaniel,GS,100,262.93,BUY
4872,Income,Michele,AAPL,200,180.35,BUY
4873,ETF,John,NVDA,500,418.97,BUY
4874,Growth,Billy,NVDA,100,237.98,SELL
4875,Growth,Teresa,TSLA,100,384.08,BUY
4876,Income,Robert,AMZN,100,345.12,SELL
4877,Income,Gabriela,JPM,200,104.1,SELL
4878,Growth,Brett,MSFT,100,492.01,SELL
4879,Income,Karen,AMZN,100,207.95,SELL
4880,Income,Jennifer,MSFT,500,476.73,SELL
4881,ETF,Lindsay,JPM,200,451.23,BUY
4882,Growth,Alyssa,AMZN,100,392.22,SELL
4883,ETF,Daniel,GS,200,459.09,SELL
4884,ETF,George,AMZN,200,465.64,SELL
4885,Growth,Lisa,GS,200,446.56,SELL
4886,Income,Douglas,NVDA,200,301.47,BUY
4887,Growth,Kristi,TSLA,500,245.16,SELL
4888,ETF,Katherine,MSFT,500,221.48,SELL
4889,ETF,Mark,AMZN,500,385.64,BUY
4890,Growth,Ryan,JPM,200,59.44,SELL
4891,ETF,Amber,JPM,200,328.72,SELL
4892,Income,Ralph,GS,500,478.23,SELL
4893,Growth,Walter,TSLA,200,473.26,BUY
4894,Growth,Lisa,JPM,100,473.6,SELL
4895,Growth,Tracy,AMZN,100,471.83,BUY
4896,Income,Brenda,JPM,200,420.25,BUY
4897,ETF,Lori,MSFT,500,175.99,BUY
4898,Income,Gabrielle,TSLA,100,355.58,BUY
4899,Income,Michele,TSLA,500,201.58,SELL
4900,Income,Lauren,NVDA,100,92.85,SELL
4901,Income,Jennifer,MSFT,500,58.82,SELL
4902,Income,James,JPM,500,204.3,BUY
4903,Income,Cory,AMZN,200,421.37,BUY
4904,ETF,Edward,NVDA,500,328.26,BUY
4905,Income,Matthew,JPM,100,375.54,SELL
4906,Income,Hector,MSFT,200,359.05,SELL
4907,ETF,James,AAPL,100,97.35,SELL
4908,Growth,Brandy,MSFT,100,453.55,SELL
4909,ETF,Michelle,NVDA,100,282.29,BUY
4910,Growth,Amanda,MSFT,200,422.91,SELL
4911,ETF,Richard,MSFT,200,488.9,BUY
4912,Income,Daniel,MSFT,100,268.22,SELL
4913,Growth,Jeffrey,JPM,200,433.24,SELL
4914,Income,Nicholas,JPM,200,89.69,SELL
4915,Growth,Andrew,GS,200,96.33,BUY
4916,ETF,Christian,AMZN,200,274.2,BUY
4917,ETF,Christopher,JPM,500,489.11,BUY
4918,Income,Phyllis,MSFT,100,452.1,SELL
4919,ETF,John,JPM,200,445.3,SELL
4920,Income,Valerie,AMZN,200,247.6,SELL
4921,Income,Bridget,AAPL,500,325.88,SELL
4922,Growth,Mary,MSFT,200,344.13,SELL
4923,Growth,Kyle,MSFT,100,459.49,SELL
4924,Income,Linda,AAPL,500,427.21,SELL
4925,Income,Christine,AAPL,200,153.95,SELL
4926,Income,Deborah,GS,100,55.72,SELL
4927,Growth,Rachel,JPM,100,143.02,BUY
4928,Growth,Kari,AAPL,100,334.94,BUY
4929,Income,Garrett,TSLA,200,429.01,SELL
4930,ETF,Ronald,AAPL,200,456.5,BUY
4931,Growth,Maria,NVDA,200,107.65,SELL
4932,Income,Rebecca,JPM,100,280.37,BUY
4933,Income,Emily,NVDA,500,387.91,BUY
4934,ETF,Michelle,TSLA,100,160.22,BUY
4935,ETF,William,TSLA,500,481.91,BUY
4936,Growth,Angelica,GS,100,432.31,SELL
4937,ETF,Robert,MSFT,200,391.43,SELL
4938,Growth,Gary,AMZN,200,308.96,SELL
4939,Growth,Brian,TSLA,500,254.98,BUY
4940,Income,Christopher,AAPL,100,469.78,BUY
4941,Income,Rachel,GS,100,216.6,BUY
4942,Income,Denise,MSFT,500,179.92,SELL
4943,ETF,Becky,GS,100,182.86,SELL
4944,Growth,Jessica,AMZN,500,117.82,SELL
4945,Growth,Daniel,JPM,100,404.95,SELL
4946,Growth,Noah,AMZN,100,367.47,BUY
4947,ETF,Shawn,NVDA,100,191.47,SELL
4948,Growth,Angela,GS,100,492.03,BUY
4949,Income,Robert,AAPL,500,313.77,SELL
4950,Income,Brian,AAPL,200,75.1,SELL
4951,Growth,Nicole,AAPL,500,280.91,SELL
4952,ETF,Paul,GS,100,68.41,BUY
4953,Growth,Nicole,MSFT,500,333.77,SELL
4954,ETF,Roger,GS,100,384.21,BUY
4955,Growth,Ricky,AAPL,500,416.36,BUY
4956,ETF,Danielle,GS,200,455.17,SELL
4957,ETF,Mariah,MSFT,200,146.47,SELL
4958,ETF,Steven,JPM,500,136.87,BUY
4959,Growth,Sarah,AMZN,100,145.69,SELL
4960,Income,Robert,NVDA,200,161.92,SELL
4961,ETF,Vanessa,NVDA,200,496.34,SELL
4962,Income,Veronica,JPM,100,115.69,BUY
4963,Income,Jeanette,GS,100,252.1,SELL
4964,Growth,Scott,AMZN,200,446.81,BUY
4965,Growth,Monica,JPM,500,414.94,BUY
4966,Income,Theresa,TSLA,500,51.67,SELL
4967,Growth,Courtney,GS,500,378.09,SELL
4968,Income,Karen,NVDA,200,193.7,BUY
4969,Income,Joseph,GS,100,258.93,BUY
4970,Growth,Erica,AAPL,500,300.58,SELL
4971,Income,Devin,TSLA,200,283.46,BUY
4972,ETF,Jeffrey,TSLA,100,330.94,SELL
4973,Income,Angel,MSFT,100,357.13,BUY
4974,ETF,Shane,JPM,200,156.66,SELL
4975,Income,Daniel,JPM,100,361.41,SELL
4976,Growth,Nancy,NVDA,200,388.66,BUY
4977,ETF,Mark,NVDA,500,290.65,SELL
4978,ETF,Amanda,MSFT,100,150.58,SELL
4979,ETF,Erica,JPM,500,133.04,SELL
4980,Growth,Sierra,JPM,200,197.71,BUY
4981,Income,Catherine,GS,500,104.96,BUY
4982,Income,Robert,GS,500,195.59,SELL
4983,Income,Cody,JPM,100,178.23,SELL
4984,Income,Connor,AAPL,200,58.3,SELL
4985,ETF,Mark,GS,100,258.76,BUY
4986,Income,Kristina,GS,500,154.87,SELL
4987,Growth,Robert,NVDA,500,253.25,BUY
4988,Growth,Laura,MSFT,500,494.14,BUY
4989,Growth,Jimmy,TSLA,100,320.03,BUY
4990,Income,Amanda,NVDA,200,402.21,SELL
4991,ETF,Daniel,AAPL,500,75.29,BUY
4992,Income,Robert,AMZN,200,449.24,BUY
4993,Income,Charles,TSLA,200,128.65,SELL
4994,ETF,Molly,AMZN,500,386.98,BUY
4995,Income,Rebecca,AMZN,200,210.27,SELL
4996,Growth,Nicholas,TSLA,100,318.7,SELL
4997,Growth,Kathleen,TSLA,200,57.82,BUY
4998,Growth,Jessica,AMZN,100,393.62,SELL
4999,Income,Jeremy,AMZN,500,342.81,SELL
5000,Growth,Richard,NVDA,100,466.35,BUY
